pluginId,cweid,sourceMessageId,wascid,method_GET,confidence_High,confidence_Low,confidence_Medium,risk_Informational,risk_Low,risk_Medium,alert_Content Security Policy (CSP) Header Not Set,alert_Cross-Domain JavaScript Source File Inclusion,alert_Cross-Domain Misconfiguration,alert_Modern Web Application,false_positive
10098,-1,127,-1,1,1,1,1,0,0,1,1,0,1,0,1
10096,-1,96,5,1,0,0,1,0,0,0,0,0,0,0,0
10068,693,159,15,1,1,0,0,0,0,0,1,0,0,0,1
10032,-1,167,5,1,0,1,1,1,0,0,0,1,0,0,1
10109,-1,51,15,1,0,0,1,0,0,1,0,0,0,0,0
10017,229,165,15,1,0,0,1,0,0,0,0,1,0,0,0
10107,-1,11,14,1,0,0,1,0,0,1,0,0,1,0,0
10021,-1,159,5,1,0,1,0,0,1,0,0,0,0,0,1
10101,829,167,15,1,0,0,0,0,1,0,0,1,0,0,0
10109,829,56,15,1,1,0,1,0,1,0,0,1,0,0,0
10101,95,113,15,1,1,0,1,0,0,1,1,0,0,0,0
10017,699,115,-1,1,1,0,1,0,0,0,0,0,0,0,0
10109,-1,56,-1,1,1,0,1,1,0,0,0,0,0,0,1
10033,-1,97,5,1,1,0,1,0,0,0,1,1,0,0,0
10017,824,84,-1,1,0,0,1,0,0,0,0,1,0,0,0
10036,-1,127,-1,1,1,0,0,0,0,0,0,0,1,0,0
10109,692,161,-1,1,0,0,1,0,0,0,0,1,1,0,0
10097,-1,159,-1,1,0,0,1,0,0,1,0,0,0,1,0
10017,329,137,15,1,0,0,1,0,1,0,0,1,1,0,0
10096,-1,99,5,1,0,1,1,0,0,0,0,1,1,0,1
10098,800,165,11,1,0,0,1,0,0,0,0,0,0,0,0
10100,-1,121,15,1,1,0,1,0,0,1,0,0,0,0,0
10018,-1,153,14,1,0,0,1,0,0,1,0,0,0,0,0
10109,-1,141,1,1,0,0,1,1,0,0,0,0,0,0,1
10104,829,35,15,1,0,0,1,0,1,0,0,1,0,0,0
10037,21,7,-1,1,1,0,1,0,1,0,0,0,0,0,0
10096,667,26,-1,1,0,0,0,0,0,0,1,0,0,0,0
10037,289,65,-1,1,0,0,1,1,1,1,0,0,0,0,1
10108,-1,165,-1,1,0,0,1,0,1,0,0,1,0,0,0
10109,829,166,15,1,0,0,1,0,0,0,0,1,0,1,0
10109,21,59,1,1,0,1,1,1,0,0,0,0,0,0,1
10063,223,28,15,1,0,0,1,0,1,0,0,1,0,0,0
10109,697,161,-1,1,0,0,1,0,0,0,1,0,1,0,0
10017,-1,52,15,1,0,0,0,0,0,0,0,0,0,0,0
10055,-1,160,15,1,0,0,1,0,0,1,0,0,0,0,0
10030,-1,141,-1,1,0,1,1,0,0,0,1,0,0,1,1
10109,829,112,15,1,0,0,0,0,1,0,0,1,0,0,0
10019,829,32,15,1,0,0,1,0,1,0,0,1,0,0,0
10096,531,150,1,1,0,0,1,1,1,0,0,0,1,0,1
10099,161,157,15,1,0,0,1,0,1,1,1,0,0,0,0
10059,-1,118,15,1,1,0,1,0,0,1,0,0,0,1,0
10109,829,44,15,1,0,0,1,0,1,0,0,1,0,0,0
10102,169,127,15,1,0,1,1,0,1,1,0,1,0,0,1
10041,-1,85,15,1,1,0,0,0,1,1,0,1,0,0,0
10103,829,146,15,1,0,0,1,0,1,0,0,1,0,0,0
10021,-1,160,-1,1,1,1,1,0,0,0,0,0,0,0,1
10017,92,121,13,1,0,0,1,0,0,0,0,0,0,0,0
10018,-1,95,4,1,0,0,1,1,0,0,0,0,0,0,1
10017,-1,18,1,1,1,0,1,0,0,0,0,0,0,0,0
10017,-1,155,11,1,0,0,1,0,0,1,0,1,0,0,0
10109,-1,151,-1,1,0,0,1,1,0,1,0,0,0,0,1
10017,326,64,15,1,0,0,1,0,1,0,0,1,0,0,1
10090,-1,13,15,1,1,0,0,0,0,1,0,0,0,0,0
10098,829,120,14,1,0,0,1,0,0,0,0,1,0,0,0
10017,127,12,5,1,0,1,1,0,1,0,0,1,0,0,1
10109,-1,32,1,1,0,0,0,1,1,0,0,0,0,0,1
10058,729,162,14,1,0,1,1,0,1,1,0,1,0,0,1
10109,136,7,-1,1,0,0,1,1,1,1,0,0,0,0,1
10080,440,157,15,1,0,0,0,0,1,0,0,1,1,0,0
10090,429,147,15,1,0,0,1,0,1,0,0,1,0,0,1
10097,-1,82,1,1,0,1,1,1,1,0,0,1,1,1,1
10029,-1,88,14,1,0,0,0,0,0,0,0,1,0,1,0
10109,-1,120,-1,1,0,0,1,0,0,0,0,0,0,0,0
10025,-1,164,-1,1,0,0,0,0,0,0,0,1,1,0,0
10109,-1,17,5,1,0,0,1,1,0,1,1,0,0,0,1
10105,825,14,15,1,0,1,1,0,1,0,0,1,0,0,1
10109,-1,135,13,1,1,1,1,0,0,0,0,0,0,1,1
10017,824,31,15,1,0,0,1,0,1,0,0,1,0,0,0
10109,-1,51,4,1,0,0,1,0,0,0,0,0,0,0,0
10109,-1,49,5,1,0,0,1,0,0,1,0,0,0,0,0
10035,-1,92,14,1,1,0,0,0,1,0,1,0,0,0,0
10018,-1,110,15,1,1,0,0,0,0,0,0,0,0,0,0
10109,45,157,3,1,0,0,1,0,0,0,1,1,1,0,0
10069,-1,158,15,1,1,0,0,0,0,0,1,0,0,0,0
10103,698,75,15,1,1,0,0,0,0,0,1,0,0,0,0
10033,218,153,-1,1,0,0,1,0,0,1,0,0,0,0,0
10019,829,164,11,1,0,1,1,1,1,0,0,0,0,0,1
10067,603,129,12,1,1,0,0,0,0,1,0,0,1,0,0
10037,-1,68,11,1,0,0,0,0,0,0,0,0,0,0,1
10104,129,66,15,1,0,0,1,0,1,0,0,0,0,0,0
10029,-1,52,15,1,0,0,1,0,0,0,0,1,0,0,0
10109,-1,158,-1,1,0,0,1,1,0,0,0,0,0,0,1
10017,333,110,-1,1,0,0,1,0,0,1,1,0,0,0,0
10034,-1,21,4,1,0,1,1,0,0,0,0,0,0,0,1
10023,-1,157,14,1,0,0,1,0,0,1,0,0,1,0,0
10017,-1,140,-1,1,0,0,1,1,0,0,0,0,0,0,1
10017,-1,155,15,1,0,0,1,0,1,0,0,1,0,0,0
10020,-1,52,15,1,1,0,1,0,1,1,0,1,1,0,0
10040,125,47,5,1,0,0,1,1,1,0,0,1,0,0,1
10017,-1,146,5,1,0,0,1,0,1,0,0,0,0,0,0
10022,608,57,11,1,0,0,1,0,0,1,0,0,1,0,1
10032,651,44,3,1,0,1,0,1,0,0,0,0,1,0,1
10035,475,85,-1,1,0,0,1,1,0,1,0,1,0,0,1
10029,726,7,-1,1,1,1,1,0,0,0,0,0,1,0,1
10098,500,21,14,1,0,0,0,0,0,1,1,0,1,1,0
10062,827,75,13,1,0,0,1,0,1,0,0,1,0,0,0
10029,-1,141,15,1,0,0,1,0,0,0,0,0,0,1,0
10017,-1,152,15,1,0,0,1,0,0,1,0,0,0,0,0
10030,-1,90,-1,1,0,0,1,1,1,0,0,0,0,0,1
10062,673,91,15,1,1,0,0,0,1,1,1,0,0,0,1
10107,829,140,15,1,1,0,1,0,1,0,0,1,0,0,0
10030,-1,7,-1,1,0,0,0,0,1,1,0,0,0,0,0
10096,-1,167,-1,1,1,0,1,1,0,0,0,0,0,0,1
10103,-1,114,-1,1,0,0,1,0,0,1,0,0,0,0,0
10017,508,133,-1,1,0,0,1,0,1,1,0,0,0,0,0
10097,-1,13,11,1,0,0,0,0,0,1,0,0,1,0,0
10051,-1,77,15,1,0,0,1,0,0,0,0,0,0,1,0
10109,-1,24,-1,1,0,0,1,0,0,0,0,1,0,0,0
10104,-1,73,3,1,0,0,1,1,1,0,0,0,1,0,1
10109,102,19,11,1,0,0,1,0,1,0,0,0,0,1,0
10017,512,23,15,1,0,0,1,0,0,1,1,1,0,0,1
10104,-1,15,15,1,0,0,1,0,1,1,0,0,0,0,0
10095,-1,86,15,1,0,0,1,1,0,0,0,0,0,0,1
10017,583,122,15,1,0,0,1,0,1,0,0,0,0,0,0
10027,274,28,12,1,0,1,0,0,0,1,0,0,0,0,1
10109,-1,7,-1,1,0,0,1,1,1,0,0,1,0,0,1
10107,-1,163,2,1,0,0,0,0,0,1,0,0,0,0,1
10029,-1,108,11,1,0,0,1,1,0,0,0,1,0,0,1
10027,-1,158,14,1,0,0,0,1,0,1,0,0,1,0,1
10097,525,31,14,1,0,1,1,0,0,0,0,0,1,0,1
10097,-1,127,-1,1,0,0,1,1,1,1,0,0,1,0,1
10069,640,62,15,1,0,0,0,0,0,0,1,1,0,0,0
10017,198,112,11,1,1,0,1,0,1,1,0,0,0,0,0
10109,93,105,5,1,0,0,1,0,0,0,1,1,0,0,0
10017,-1,17,15,1,0,0,1,0,1,0,0,1,0,0,0
10024,-1,157,-1,1,0,0,1,0,0,1,0,0,0,0,0
10096,-1,165,13,1,0,1,0,1,0,1,1,0,1,0,1
10094,89,78,15,1,0,0,0,0,1,0,0,1,0,0,0
10107,-1,112,14,1,0,0,1,0,1,0,0,1,0,0,0
10096,-1,118,4,1,0,0,1,0,0,0,0,0,0,0,0
10097,-1,7,5,1,0,0,1,1,1,0,0,1,1,0,1
10091,-1,50,15,1,0,1,1,0,1,0,0,1,0,0,1
10109,347,158,-1,1,0,0,1,0,1,1,1,0,0,0,0
10048,223,121,15,1,1,0,0,0,0,1,0,0,0,0,0
10017,-1,7,15,1,0,0,0,0,0,0,0,0,0,0,0
10022,-1,101,-1,1,0,1,0,0,1,1,1,1,0,0,1
10108,206,12,4,1,0,0,1,0,0,1,0,0,0,0,0
10109,-1,17,-1,1,0,0,0,1,1,0,0,1,1,0,1
10096,391,148,-1,1,0,0,1,0,1,0,0,0,0,0,0
10022,179,14,12,1,0,0,1,0,1,0,0,1,0,0,0
10021,-1,127,12,1,1,0,0,0,0,0,1,0,0,0,0
10043,726,41,4,1,0,0,0,0,0,1,0,0,0,1,0
10105,-1,80,15,1,0,1,0,0,0,1,0,1,0,0,1
10020,-1,144,-1,1,0,0,1,0,1,0,0,0,0,0,0
10017,126,168,15,1,0,0,1,0,0,0,0,1,0,0,0
10102,-1,23,14,1,0,0,1,0,1,0,0,0,0,0,1
10096,430,141,-1,1,1,0,1,0,0,1,0,0,1,0,0
10109,19,157,-1,1,0,1,1,0,1,0,1,1,1,0,1
10017,-1,160,15,1,0,0,1,0,1,0,0,1,0,0,0
10098,19,99,-1,1,0,0,1,0,0,0,0,0,0,0,0
10099,261,104,13,1,0,1,1,1,0,0,0,0,0,0,1
10099,286,41,-1,1,1,0,1,0,0,0,0,0,0,0,1
10109,-1,38,-1,1,0,0,1,1,0,0,0,1,1,1,1
10022,829,120,15,1,0,1,0,0,0,0,0,1,1,0,1
10031,-1,110,15,1,1,0,1,0,1,0,0,1,0,0,0
10019,-1,164,-1,1,1,0,1,1,0,0,0,0,0,0,1
10097,-1,113,14,1,1,0,1,0,0,1,0,0,1,0,0
10019,-1,116,4,1,0,0,1,0,1,1,0,0,1,0,1
10034,-1,105,15,1,0,0,1,0,1,0,0,1,0,0,0
10027,270,103,4,1,0,1,0,0,0,0,0,0,0,0,1
10098,264,41,1,1,0,0,1,0,0,1,0,0,1,0,0
10029,463,125,15,1,0,1,0,0,1,0,0,0,0,0,1
10097,-1,130,5,1,0,1,1,0,0,0,0,1,0,0,1
10107,-1,26,-1,1,0,0,1,0,1,0,0,1,0,0,0
10061,94,140,-1,1,0,0,1,0,0,1,0,0,1,0,0
10017,294,46,12,1,0,0,0,0,0,0,0,0,0,0,0
10100,629,44,-1,1,0,0,1,0,0,1,1,0,0,0,1
10017,821,54,11,1,0,0,1,0,1,0,0,0,0,0,0
10020,716,53,14,1,1,0,1,0,0,1,0,1,1,0,0
10076,-1,22,15,1,0,0,1,0,0,1,0,0,0,0,0
10028,-1,161,-1,1,0,1,1,0,1,1,1,0,0,0,1
10097,-1,53,-1,1,0,0,1,1,1,0,0,1,0,0,1
10032,-1,62,4,1,0,0,1,0,0,0,1,0,0,0,0
10063,29,137,15,1,1,0,0,0,0,0,1,0,0,0,0
10100,-1,153,15,1,0,0,1,0,0,0,0,1,0,0,0
10017,-1,46,4,1,0,0,1,0,1,1,0,0,0,0,0
10098,-1,118,-1,1,0,0,1,1,0,0,0,0,0,1,1
10021,84,111,-1,1,0,0,1,1,0,0,0,0,0,0,1
10107,129,19,13,1,1,0,1,0,0,1,0,1,0,0,0
10084,-1,126,15,1,0,0,1,0,0,0,1,1,1,0,1
10097,827,124,4,1,0,1,1,0,0,0,0,1,0,0,1
10019,-1,167,-1,1,0,1,0,0,0,0,0,0,1,0,1
10097,-1,161,3,1,0,1,1,1,0,0,0,0,0,0,1
10025,-1,157,-1,1,0,0,1,1,1,0,0,1,0,0,1
10032,350,116,-1,1,1,1,1,0,1,1,0,0,0,0,1
10097,-1,160,5,1,0,0,1,0,1,0,0,1,1,0,0
10017,429,143,15,1,0,0,1,0,1,0,0,1,0,0,0
10109,822,153,-1,1,0,0,1,1,1,0,0,0,0,0,1
10033,829,97,14,1,0,0,1,0,0,1,0,0,0,1,0
10099,274,148,14,1,0,0,1,0,0,1,0,0,1,0,0
10093,-1,71,11,1,0,0,0,0,0,1,0,0,0,0,0
10034,-1,65,3,1,1,0,1,0,0,0,0,0,1,0,0
10105,-1,77,14,1,0,0,1,0,1,1,0,1,1,0,0
10098,125,123,14,1,0,0,1,0,0,0,0,1,0,0,1
10097,107,17,-1,1,0,0,0,1,0,0,1,0,1,0,1
10109,-1,27,14,1,0,0,1,0,0,0,0,1,0,1,0
10049,829,12,15,1,0,0,1,0,0,0,0,1,0,0,0
10098,524,165,11,1,0,1,1,0,0,1,0,0,0,0,1
10036,-1,7,15,1,0,0,1,1,0,0,0,0,1,0,1
10026,-1,41,-1,1,0,0,0,0,1,0,0,0,0,0,0
10031,-1,144,4,1,0,0,1,0,1,0,0,0,0,0,0
10060,164,57,-1,1,0,0,1,0,0,1,0,0,1,0,1
10102,-1,16,2,1,0,0,1,0,1,0,0,0,1,0,0
10109,-1,33,-1,1,0,0,1,1,1,0,0,1,0,0,1
10043,-1,152,-1,1,1,1,0,1,0,1,0,0,0,0,1
10017,829,99,15,1,0,0,1,0,1,0,0,1,0,0,0
10102,829,11,-1,1,0,0,1,0,0,0,0,0,0,0,0
10017,79,7,13,1,0,0,0,0,1,0,0,1,0,0,0
10029,-1,126,-1,1,0,0,1,1,0,0,0,1,0,0,1
10021,-1,15,15,1,0,1,0,0,1,0,0,0,0,0,1
10109,-1,122,4,1,0,0,1,1,0,1,0,0,0,1,1
10054,829,111,15,1,1,0,1,0,1,0,0,1,0,0,0
10101,-1,143,-1,1,0,0,1,0,1,0,0,0,0,0,0
10017,829,160,15,1,0,0,1,0,0,1,0,1,0,0,0
10109,-1,166,15,1,0,0,1,0,0,0,0,0,0,1,0
10047,129,154,-1,1,0,0,0,0,1,0,0,1,0,0,0
10109,-1,122,14,1,0,1,1,0,1,0,0,0,0,0,1
10017,264,159,-1,1,0,0,1,1,1,0,0,0,1,0,1
10028,739,101,-1,1,1,0,0,0,1,0,0,1,0,0,0
10096,-1,122,14,1,0,0,0,0,0,1,1,0,0,0,0
10025,-1,167,1,1,1,0,0,0,0,0,0,0,0,0,0
10106,-1,85,11,1,0,0,0,1,0,1,0,0,1,1,1
10109,707,148,-1,1,0,0,1,0,1,0,0,0,0,0,0
10019,-1,98,-1,1,0,0,1,0,0,1,0,0,1,1,0
10094,-1,57,15,1,0,0,0,0,0,0,1,0,0,0,0
10097,-1,73,15,1,0,1,0,0,0,0,0,0,0,0,1
10022,-1,168,-1,1,0,0,0,0,1,0,0,1,0,0,0
10033,-1,90,-1,1,0,1,1,1,0,1,0,1,0,0,1
10096,-1,110,-1,1,0,1,1,0,1,0,0,1,0,0,1
10017,589,128,15,1,0,0,1,0,1,0,0,1,0,0,0
10081,240,117,14,1,1,0,0,0,0,1,0,0,1,0,0
10106,809,63,15,1,0,1,1,0,0,0,1,0,0,0,1
10050,-1,56,13,1,0,0,1,0,1,0,0,1,1,0,0
10098,171,12,15,1,0,0,1,0,0,0,0,0,0,0,0
10098,165,157,14,1,0,0,1,0,0,1,0,0,1,0,0
10017,829,167,15,1,1,0,1,0,1,0,0,0,0,0,0
10029,-1,164,15,1,1,0,1,0,0,0,0,0,0,0,0
10017,324,117,14,1,1,0,1,0,0,0,0,0,1,0,0
10080,-1,134,5,1,0,1,1,0,0,0,0,0,0,0,1
10079,-1,163,15,1,1,0,0,0,0,1,1,0,1,0,0
10097,700,98,-1,1,0,0,1,1,0,0,1,0,0,0,1
10017,-1,50,15,1,0,0,1,0,1,0,0,1,0,0,0
10085,-1,16,15,1,0,0,1,0,1,0,0,1,1,0,0
10036,-1,159,5,1,0,0,1,0,1,0,0,0,0,0,0
10109,829,14,-1,1,0,0,1,1,1,0,0,0,0,0,1
10053,-1,94,15,1,0,0,1,0,1,0,0,1,0,0,0
10017,224,125,12,1,0,0,1,0,1,1,0,1,1,0,0
10031,624,157,15,1,0,0,1,0,0,1,0,0,1,0,1
10109,-1,153,-1,1,0,0,1,0,0,0,0,0,0,0,0
10078,-1,140,15,1,0,1,1,0,0,0,1,0,0,0,1
10090,-1,159,-1,1,0,0,1,0,0,0,0,1,0,0,0
10017,-1,144,11,1,0,1,1,0,1,1,0,0,0,0,1
10017,829,157,15,1,1,0,1,0,0,0,0,1,0,0,0
10031,-1,161,15,1,0,0,0,0,1,0,0,0,0,1,1
10017,34,166,15,1,0,0,1,0,0,0,0,0,1,0,0
10101,829,150,15,1,0,1,1,0,1,0,0,1,0,0,1
10017,592,76,14,1,0,0,1,0,1,1,0,1,0,0,0
10064,-1,168,14,1,0,1,1,0,0,1,0,0,1,0,1
10037,743,147,14,1,1,0,1,1,0,0,1,0,0,0,1
10019,629,54,12,1,0,0,0,0,0,0,0,1,0,0,0
10017,-1,124,14,1,0,0,1,0,1,1,0,1,0,0,0
10094,729,56,15,1,0,0,1,0,1,0,0,1,1,0,0
10018,459,87,-1,1,1,0,0,0,1,0,1,0,0,0,0
10106,252,97,-1,1,0,0,1,1,0,1,0,0,0,0,1
10109,797,99,11,1,0,0,1,1,0,0,0,0,0,0,1
10103,165,87,-1,1,0,0,1,0,1,0,0,1,0,0,0
10103,-1,157,-1,1,0,0,1,0,1,0,0,1,0,0,0
10021,-1,110,4,1,0,0,1,0,0,1,0,0,0,0,0
10097,-1,18,14,1,0,0,1,0,1,0,0,1,0,0,0
10088,-1,119,14,1,0,0,1,0,1,0,0,1,0,0,0
10017,829,77,15,1,0,0,1,0,1,0,0,1,0,0,0
10097,-1,58,14,1,0,1,1,0,0,1,0,0,0,0,1
10100,34,148,14,1,0,0,1,0,0,0,0,0,0,0,0
10100,360,151,13,1,0,0,1,0,0,0,0,0,1,0,0
10109,824,126,15,1,0,0,1,0,1,1,0,1,1,0,0
10109,731,165,-1,1,1,1,1,0,0,1,0,0,0,1,1
10017,-1,87,13,1,0,1,1,1,1,1,1,1,1,0,1
10045,-1,23,15,1,0,0,1,0,1,1,0,1,0,0,0
10109,-1,94,1,1,0,0,1,1,1,0,0,0,1,0,1
10092,403,96,15,1,0,0,0,0,1,1,0,0,0,0,0
10033,-1,25,-1,1,0,1,1,0,1,1,0,0,0,0,1
10106,691,159,12,1,0,1,1,0,0,0,1,0,0,0,1
10017,-1,100,-1,1,0,1,1,0,0,0,0,1,0,0,1
10017,399,43,14,1,0,0,0,0,0,0,0,0,0,0,1
10017,279,119,13,1,1,1,0,0,0,0,1,1,0,0,1
10097,594,43,14,1,1,0,1,0,0,1,0,0,1,0,0
10097,-1,13,-1,1,1,0,1,0,1,1,0,0,0,0,0
10026,238,131,5,1,0,0,1,0,1,0,0,0,1,0,0
10017,-1,167,15,1,0,0,1,0,1,0,0,0,0,0,0
10101,643,141,15,1,1,0,1,0,1,0,1,0,0,0,0
10017,829,87,14,1,0,0,1,0,1,0,0,1,0,0,0
10109,-1,165,4,1,0,0,1,0,1,0,0,1,0,0,0
10097,-1,95,11,1,0,0,1,0,0,0,0,0,1,0,0
10024,64,21,12,1,0,0,0,0,0,1,0,0,1,0,0
10073,-1,52,15,1,1,0,0,0,1,0,1,0,0,0,0
10077,531,159,14,1,0,0,0,0,0,1,0,1,0,0,1
10021,-1,162,2,1,0,0,0,0,0,1,0,0,0,0,0
10020,690,57,15,1,1,0,0,0,0,1,1,0,0,0,0
10026,190,7,15,1,0,0,0,0,0,1,0,1,1,0,0
10096,-1,10,2,1,0,0,0,0,0,0,1,0,1,0,0
10096,-1,136,-1,1,0,0,1,1,0,0,0,0,1,1,1
10017,-1,151,-1,1,0,0,1,1,0,0,0,0,0,1,1
10109,829,124,4,1,0,0,1,0,1,0,0,1,0,0,0
10046,-1,58,15,1,0,0,0,0,0,0,1,0,0,0,0
10097,-1,23,-1,1,1,0,0,0,0,0,0,0,0,0,0
10103,-1,68,15,1,1,1,1,0,0,0,0,0,0,0,1
10061,687,9,14,1,0,0,1,0,0,0,0,0,1,0,0
10106,354,53,-1,1,0,0,1,0,0,1,0,0,1,0,0
10100,-1,162,3,1,0,0,1,0,1,1,0,1,1,0,1
10036,-1,112,5,1,0,0,1,0,1,0,0,1,0,0,1
10030,-1,162,5,1,0,0,1,0,0,1,0,0,1,0,0
10017,829,102,15,1,0,0,0,0,1,0,0,1,0,0,0
10097,-1,72,-1,1,1,0,1,0,1,1,0,0,0,0,0
10102,633,52,5,1,1,0,0,0,0,1,1,0,0,0,1
10085,600,165,15,1,0,0,1,0,0,0,0,0,0,0,0
10044,-1,122,15,1,0,0,0,0,0,0,0,1,1,0,0
10072,425,112,15,1,1,0,1,0,0,0,0,1,0,0,1
10102,-1,53,15,1,0,0,0,0,0,1,0,0,0,0,0
10031,528,111,-1,1,0,0,1,1,0,1,0,0,1,0,1
10037,-1,12,15,1,0,1,1,0,0,1,0,0,0,0,1
10101,264,56,11,1,1,0,1,0,0,0,0,0,1,0,0
10100,-1,141,1,1,0,1,1,0,1,0,0,0,0,0,1
10106,-1,158,-1,1,0,0,1,0,1,1,0,1,1,0,0
10037,-1,51,15,1,0,0,1,0,0,1,1,0,0,0,0
10017,-1,156,11,1,0,0,1,0,0,0,0,0,1,0,1
10109,-1,165,-1,1,0,0,1,0,0,0,0,0,0,0,1
10100,264,158,15,1,0,0,1,0,1,1,0,0,1,0,1
10109,-1,158,-1,1,0,0,0,1,0,0,0,0,0,0,1
10017,829,134,15,1,1,0,1,0,1,1,0,1,0,0,0
10037,-1,102,-1,1,1,0,1,0,1,0,0,1,0,0,1
10039,603,7,4,1,0,0,0,0,0,0,0,0,0,0,0
10105,664,163,14,1,0,0,0,0,1,1,0,0,0,1,0
10036,84,154,14,1,0,0,1,0,1,0,0,0,0,0,0
10097,-1,84,4,1,0,0,1,0,1,1,0,0,1,0,0
10022,-1,33,5,1,0,0,1,1,1,0,1,1,0,0,1
10075,693,165,15,1,1,0,0,0,0,1,0,0,0,0,0
10097,264,81,14,1,1,1,0,0,0,0,1,0,0,0,1
10030,-1,22,-1,1,0,0,0,1,0,1,0,0,1,0,1
10033,-1,115,12,1,0,1,1,0,1,0,0,0,0,0,1
10108,-1,165,15,1,0,0,1,0,1,0,0,1,0,0,0
10109,829,15,15,1,0,1,1,0,1,0,0,1,0,0,1
10109,-1,165,4,1,0,0,0,0,1,0,0,1,0,0,0
10097,829,157,15,1,0,0,1,0,1,1,1,0,0,0,0
10088,-1,71,-1,1,1,0,0,0,0,1,1,0,0,0,0
10104,-1,51,-1,1,0,0,1,1,0,1,0,0,1,0,1
10033,-1,46,11,1,0,0,1,0,1,0,0,1,0,0,0
10099,829,166,-1,1,0,0,1,0,1,0,1,1,0,0,0
10028,743,152,12,1,1,1,0,0,0,0,1,1,1,0,1
10109,-1,166,-1,1,0,1,1,0,1,0,0,0,0,0,1
10109,-1,159,14,1,0,0,0,0,0,1,0,0,1,0,0
10105,697,154,15,1,0,0,1,0,1,1,0,0,1,0,0
10017,-1,7,14,1,0,0,1,1,1,0,0,0,0,0,1
10097,-1,52,11,1,0,0,0,0,0,0,0,0,0,1,0
10109,474,131,4,1,0,0,1,0,1,0,0,0,1,0,0
10097,729,142,15,1,0,0,1,0,1,0,0,1,0,0,0
10109,-1,75,11,1,0,0,1,0,0,1,0,0,0,1,0
10108,-1,18,-1,1,1,0,1,0,0,0,1,0,1,0,1
10031,64,125,3,1,1,1,1,0,1,0,0,0,0,0,1
10080,829,115,15,1,0,0,1,0,1,0,1,1,0,0,0
10018,-1,63,-1,1,0,1,1,0,1,0,0,0,0,0,1
10109,188,94,-1,1,0,0,1,0,1,0,0,1,0,1,0
10096,106,47,-1,1,0,0,0,1,0,0,1,0,0,0,1
10061,-1,84,15,1,0,0,1,0,0,0,1,0,0,0,0
10027,623,61,5,1,1,0,0,1,1,0,1,0,0,0,1
10107,219,160,14,1,0,0,1,0,0,0,0,0,0,1,0
10037,-1,168,2,1,0,1,0,1,1,0,0,0,0,0,1
10017,644,62,15,1,0,1,0,0,0,1,1,0,0,0,1
10069,264,159,14,1,0,0,0,0,0,1,0,0,1,0,0
10017,84,94,14,1,0,0,1,0,1,0,0,1,0,0,0
10025,-1,34,-1,1,0,0,1,0,1,0,0,1,0,0,0
10027,-1,12,12,1,0,0,1,0,1,0,0,0,0,0,0
10021,-1,123,4,1,0,1,1,0,0,0,0,0,0,0,1
10095,829,25,13,1,0,0,1,0,0,1,1,0,0,0,0
10109,196,119,-1,1,0,0,1,0,1,0,0,0,0,0,0
10028,109,62,14,1,0,0,0,0,1,0,1,0,0,0,0
10109,29,113,-1,1,0,0,1,0,0,0,0,1,0,0,0
10031,829,65,5,1,0,0,1,0,1,0,0,1,0,0,0
10097,-1,40,14,1,0,0,1,1,0,0,0,0,1,0,1
10109,0,165,1,1,0,1,1,1,1,0,0,0,0,0,1
10078,829,163,15,1,0,0,1,0,1,0,0,1,0,0,0
10097,-1,18,-1,1,0,0,1,0,0,0,0,0,0,1,0
10060,-1,90,15,1,0,1,1,0,1,0,1,1,0,0,1
10017,829,158,15,1,0,0,1,0,1,0,0,1,0,0,0
10017,827,15,14,1,0,0,1,0,1,0,0,1,0,0,0
10052,687,81,-1,1,0,1,1,0,0,0,1,0,0,0,1
10062,-1,56,15,1,0,0,1,0,0,1,0,1,0,0,0
10017,821,73,15,1,0,0,1,0,1,0,0,1,0,0,1
10109,-1,142,11,1,0,0,1,0,0,0,0,0,0,0,0
10034,611,141,3,1,0,0,1,0,0,0,0,0,0,0,0
10088,122,164,15,1,1,0,1,0,1,0,0,1,0,0,0
10017,-1,166,-1,1,0,0,1,0,0,0,0,1,0,1,1
10097,693,20,15,1,0,0,0,0,0,0,1,0,0,1,0
10102,253,115,-1,1,1,0,0,1,1,1,0,0,1,0,1
10026,592,122,15,1,0,1,0,0,0,1,1,0,1,0,1
10098,-1,166,5,1,1,0,0,0,0,0,0,1,0,0,0
10109,-1,29,4,1,0,1,1,0,0,1,0,0,0,1,1
10032,829,110,15,1,0,0,1,0,0,0,0,1,1,0,0
10079,113,122,15,1,0,0,1,0,0,1,0,0,0,0,1
10017,824,164,14,1,0,0,1,0,0,0,0,1,0,0,0
10109,-1,161,-1,1,0,0,1,0,1,0,0,1,0,0,0
10109,329,134,15,1,0,0,1,0,1,1,1,1,0,0,0
10017,-1,127,11,1,0,0,1,0,0,0,0,0,0,0,1
10057,-1,44,5,1,0,0,1,0,1,0,0,1,0,0,0
10017,824,79,15,1,0,0,1,0,1,1,0,1,0,0,0
10096,391,16,14,1,0,0,1,0,0,1,0,0,0,0,1
10017,-1,121,-1,1,0,0,1,0,1,1,0,0,0,0,1
10099,829,167,15,1,0,0,1,0,1,0,0,1,0,0,0
10109,-1,17,1,1,0,0,1,1,1,0,0,0,0,1,1
10017,224,59,14,1,0,0,0,0,1,0,0,0,0,0,0
10109,277,55,1,1,0,0,0,1,0,1,0,1,1,0,1
10073,-1,121,15,1,1,0,1,0,0,0,0,0,0,0,0
10109,125,53,5,1,1,0,1,0,0,0,0,1,0,0,0
10069,-1,52,11,1,0,0,0,1,0,0,0,0,1,0,1
10021,-1,75,-1,1,0,0,1,1,1,1,0,0,0,0,1
10017,735,8,14,1,1,1,1,0,0,0,0,1,0,0,1
10109,243,126,5,1,0,0,0,0,0,1,1,0,0,0,0
10080,608,54,15,1,0,0,1,0,0,1,0,0,0,0,0
10109,19,161,5,1,0,0,1,1,0,0,0,0,0,0,1
10033,-1,159,5,1,0,0,1,0,1,0,0,1,0,0,0
10109,471,57,1,1,0,0,1,0,1,0,0,0,0,0,0
10023,244,119,14,1,1,0,1,0,1,1,0,0,1,0,0
10017,829,57,3,1,0,0,1,0,0,0,0,0,0,0,0
10067,214,82,11,1,1,0,1,0,0,1,0,0,1,0,0
10027,-1,119,-1,1,0,0,1,0,1,0,0,1,0,0,0
10017,-1,45,15,1,0,0,1,1,0,1,0,0,0,0,1
10097,-1,146,14,1,0,0,1,0,0,1,0,0,0,0,0
10109,629,63,15,1,0,1,1,0,1,0,0,1,0,0,1
10058,-1,97,14,1,1,0,1,0,0,1,1,0,0,0,0
10084,460,156,-1,1,0,0,0,0,1,0,0,0,1,1,0
10109,-1,109,-1,1,0,0,1,0,1,0,0,0,0,0,0
10030,400,166,-1,1,0,0,1,0,0,0,0,0,0,0,0
10021,357,7,-1,1,1,1,1,0,0,0,0,0,1,0,1
10076,193,87,12,1,0,0,0,0,0,1,1,0,0,0,1
10097,131,74,15,1,0,0,0,0,1,1,0,0,0,0,0
10097,237,159,14,1,1,0,0,1,0,1,0,0,0,0,1
10017,829,103,15,1,0,0,1,0,1,0,0,1,0,0,1
10017,-1,27,-1,1,0,1,1,0,0,1,0,0,0,0,1
10096,-1,7,2,1,0,0,1,0,0,0,0,0,0,0,0
10071,829,36,3,1,0,0,1,0,1,0,0,1,0,0,0
10096,523,76,-1,1,0,0,1,1,0,0,0,0,0,0,1
10034,-1,120,15,1,0,0,0,0,0,0,0,1,0,0,0
10109,-1,156,1,1,0,0,1,1,1,0,0,0,0,0,1
10067,-1,158,15,1,0,0,0,0,0,0,1,1,0,0,0
10017,-1,31,-1,1,0,0,1,1,0,1,0,0,0,0,1
10103,-1,51,-1,1,0,0,1,0,1,0,0,1,0,0,0
10108,-1,112,5,1,0,0,1,0,0,1,0,0,1,0,0
10017,429,73,15,1,0,0,1,0,1,0,0,1,0,0,1
10025,358,51,2,1,0,0,1,0,1,0,0,0,0,0,0
10031,-1,12,15,1,0,0,1,0,0,1,0,1,0,0,1
10098,109,160,-1,1,1,0,0,0,1,0,0,0,0,0,0
10096,-1,50,5,1,0,0,1,0,0,1,0,0,0,1,1
10052,-1,116,15,1,1,0,1,0,1,1,1,1,0,0,0
10091,290,59,5,1,1,0,0,0,1,0,1,0,0,0,0
10064,36,49,-1,1,0,0,0,0,0,0,0,1,0,1,0
10100,-1,161,-1,1,0,0,1,0,0,1,0,0,1,0,0
10029,307,65,-1,1,0,0,1,0,1,0,0,0,0,1,1
10102,-1,53,-1,1,1,0,1,0,0,0,0,0,1,0,0
10018,691,166,-1,1,0,0,0,0,0,1,0,0,0,1,0
10109,129,161,15,1,0,0,1,0,0,0,0,0,0,0,1
10017,-1,15,14,1,0,0,0,0,0,0,0,0,0,0,0
10096,-1,147,14,1,0,1,0,1,0,1,1,0,0,0,1
10104,-1,84,5,1,0,0,0,0,0,1,0,1,0,1,0
10023,-1,167,-1,1,0,0,1,1,1,0,0,1,0,0,1
10109,571,17,-1,1,0,0,0,1,0,0,1,0,0,0,1
10109,14,43,-1,1,0,0,1,0,0,0,0,0,1,0,0
10109,-1,58,4,1,0,0,1,0,1,0,0,1,0,0,0
10017,-1,157,14,1,0,0,1,0,1,0,0,1,0,0,0
10097,829,134,14,1,0,0,1,0,1,0,0,1,0,0,0
10109,28,117,14,1,0,0,1,0,0,0,0,1,0,0,0
10034,829,88,-1,1,0,0,1,0,1,0,0,1,0,0,0
10033,-1,56,15,1,0,0,1,0,1,0,0,1,0,0,0
10095,692,163,13,1,1,0,0,0,0,0,0,0,0,0,0
10017,-1,158,15,1,0,0,1,0,1,0,0,0,0,0,0
10109,-1,53,14,1,0,0,1,0,0,0,0,1,0,0,0
10017,829,14,14,1,0,0,1,0,1,0,0,1,1,1,0
10017,-1,159,15,1,0,0,1,0,1,1,0,1,1,0,1
10099,829,105,11,1,0,0,1,0,1,0,0,1,1,0,0
10017,-1,55,15,1,0,0,1,0,1,0,1,1,0,0,0
10071,206,163,-1,1,0,0,0,0,0,0,0,0,0,0,0
10109,230,52,15,1,0,0,1,0,0,0,1,0,0,0,1
10097,443,157,-1,1,0,0,1,0,1,1,0,1,0,0,0
10017,53,164,-1,1,1,0,0,0,0,0,0,0,0,0,0
10109,807,94,1,1,0,0,1,1,0,0,0,0,1,1,1
10017,-1,113,-1,1,0,0,1,0,0,0,0,0,0,0,0
10109,-1,101,-1,1,0,1,1,1,1,1,1,1,0,0,1
10092,664,52,1,1,0,0,0,0,0,0,0,0,1,0,0
10070,-1,161,15,1,0,0,0,0,0,1,0,0,0,0,0
10109,541,94,-1,1,0,0,1,1,0,0,0,0,0,0,1
10017,-1,49,14,1,0,0,0,0,0,0,0,0,0,1,1
10020,-1,166,-1,1,1,0,0,0,0,1,0,0,0,0,1
10017,21,165,15,1,0,0,0,0,1,0,0,0,0,0,0
10052,-1,164,-1,1,0,0,1,0,1,0,0,1,0,0,0
10037,308,124,14,1,1,0,1,0,0,1,0,0,0,0,0
10017,-1,128,15,1,0,0,1,0,1,0,0,0,0,0,0
10096,-1,12,13,1,0,0,0,1,0,0,0,0,0,0,1
10098,129,66,15,1,0,0,1,0,1,0,0,1,0,0,0
10053,499,168,15,1,1,0,0,0,1,1,1,1,0,0,0
10097,823,168,-1,1,0,0,1,1,1,0,0,1,0,0,1
10109,248,52,3,1,0,0,0,0,0,0,0,0,0,0,1
10028,233,44,15,1,0,0,1,0,0,0,0,0,0,0,0
10106,-1,165,4,1,0,1,1,0,0,0,0,0,1,0,1
10109,699,85,15,1,0,0,0,0,0,1,1,0,0,0,0
10109,-1,163,15,1,0,1,1,0,0,1,0,0,0,0,1
10109,454,29,1,1,0,0,1,0,0,0,0,0,0,1,0
10097,0,58,1,1,1,0,0,0,0,1,0,0,0,1,1
10109,-1,156,-1,1,1,0,1,1,1,0,0,1,0,0,1
10036,493,51,15,1,0,1,1,0,0,1,0,0,0,0,1
10109,458,7,-1,1,0,0,1,0,1,0,0,1,0,1,1
10109,-1,125,4,1,0,0,1,1,0,0,0,0,0,0,1
10033,-1,124,-1,1,0,0,1,1,1,0,0,1,0,0,1
10099,621,82,12,1,0,0,1,0,0,0,0,0,0,0,0
10037,829,122,14,1,0,0,1,0,1,0,0,1,0,0,0
10109,-1,25,1,1,0,0,1,1,1,0,0,1,0,0,1
10068,543,123,15,1,0,0,1,0,0,1,0,0,0,0,0
10017,89,158,15,1,0,0,1,0,1,0,0,1,0,0,0
10096,-1,157,-1,1,0,0,0,1,1,0,0,1,1,0,1
10101,264,121,-1,1,0,0,1,0,0,1,0,0,1,0,0
10031,-1,73,-1,1,1,0,1,1,0,1,0,0,0,0,1
10036,-1,122,14,1,0,0,1,0,1,0,0,0,0,0,0
10032,643,84,-1,1,0,0,0,0,0,1,1,0,0,0,0
10021,1,115,-1,1,0,0,1,1,1,0,0,0,0,0,1
10053,693,90,15,1,0,0,0,0,0,1,1,0,0,0,0
10017,761,113,-1,1,0,0,1,0,0,0,0,0,0,0,0
10029,-1,157,-1,1,0,0,1,0,1,1,0,0,0,0,0
10034,539,163,11,1,1,1,1,0,1,0,0,0,1,0,1
10017,708,41,13,1,1,0,0,0,0,0,0,0,1,0,0
10108,829,63,14,1,0,0,1,0,0,0,0,0,0,0,0
10017,612,90,13,1,0,0,1,0,0,0,1,0,0,0,0
10109,829,13,14,1,0,0,1,0,1,0,0,1,0,0,0
10099,-1,129,15,1,1,0,1,0,0,1,0,0,1,0,0
10100,124,47,15,1,0,0,1,0,1,0,0,0,0,0,0
10030,564,145,12,1,0,0,0,0,0,1,0,0,0,0,1
10096,-1,111,5,1,0,0,1,0,0,1,0,0,0,0,0
10020,-1,164,-1,1,0,0,1,0,0,0,0,0,0,1,0
10105,-1,124,15,1,1,0,1,0,0,1,0,0,1,0,0
10049,-1,68,5,1,1,0,1,0,0,0,1,0,0,0,0
10106,-1,37,-1,1,1,0,1,1,0,1,0,0,0,0,1
10017,-1,84,-1,1,0,0,1,0,1,0,0,1,0,0,0
10094,-1,165,-1,1,0,0,0,0,0,1,1,0,0,0,0
10027,728,100,-1,1,0,0,1,1,0,0,0,0,1,0,1
10104,339,150,11,1,0,0,1,1,0,1,0,0,0,0,1
10109,-1,18,1,1,0,0,1,0,0,0,0,0,0,0,0
10029,-1,148,1,1,0,0,0,0,0,1,0,0,1,1,0
10106,571,155,-1,1,1,0,1,0,0,0,0,1,0,0,0
10049,533,64,-1,1,1,1,0,0,1,1,0,0,1,0,1
10104,-1,41,4,1,1,0,1,0,0,1,0,0,0,0,0
10109,-1,158,-1,1,0,0,0,0,1,0,0,1,0,0,0
10109,-1,127,-1,1,0,1,1,1,0,1,0,0,0,0,1
10109,-1,72,15,1,0,0,1,0,0,0,1,1,0,0,0
10101,169,156,14,1,0,0,0,0,0,0,0,0,0,0,0
10027,378,161,14,1,0,0,1,0,0,1,1,0,1,0,0
10103,305,93,14,1,1,0,1,0,0,0,0,0,1,0,0
10097,-1,26,5,1,0,0,1,0,1,0,0,0,0,0,0
10109,359,64,15,1,0,0,1,0,1,0,1,1,0,0,0
10025,-1,162,4,1,1,0,1,0,0,0,0,0,1,0,0
10033,425,57,15,1,0,1,0,0,0,1,0,1,0,0,1
10109,248,49,13,1,0,0,1,1,0,1,1,0,0,0,1
10107,-1,153,15,1,0,0,1,0,1,0,0,1,0,0,1
10090,235,165,3,1,0,0,1,0,0,1,0,1,0,0,0
10108,-1,37,14,1,0,0,1,0,0,1,0,1,1,0,1
10017,197,128,15,1,0,0,1,0,0,0,0,0,0,0,0
10033,141,153,15,1,0,0,1,0,0,1,0,0,0,0,1
10049,-1,60,15,1,0,0,0,0,1,0,1,1,0,0,0
10104,34,164,-1,1,0,0,1,0,0,1,0,0,1,0,1
10096,-1,120,14,1,0,0,1,0,1,0,0,1,0,0,0
10109,-1,99,12,1,0,0,1,0,1,1,0,0,0,0,0
10096,-1,71,5,1,0,1,0,1,0,0,0,0,0,1,1
10017,-1,66,-1,1,0,1,1,0,1,1,0,1,0,0,1
10023,240,24,15,1,0,0,1,0,1,1,0,0,0,0,0
10106,-1,56,5,1,1,0,1,0,0,1,0,0,1,0,0
10017,-1,127,15,1,0,0,1,0,0,0,0,0,0,0,0
10027,-1,131,-1,1,0,0,1,0,0,1,0,0,0,0,0
10030,-1,81,-1,1,0,0,1,0,0,0,0,0,0,0,0
10099,-1,19,15,1,0,0,1,0,1,0,0,1,0,0,0
10094,829,86,15,1,1,0,1,0,1,0,0,1,0,0,0
10096,-1,50,-1,1,0,0,1,0,1,0,0,1,1,0,0
10031,-1,166,4,1,1,0,1,1,0,0,0,0,0,0,1
10103,-1,125,15,1,1,0,1,1,1,0,0,0,1,0,1
10098,829,164,11,1,0,0,1,0,1,0,0,1,0,0,1
10099,479,159,14,1,0,0,1,0,0,1,0,0,1,0,0
10033,2,104,-1,1,0,0,1,1,1,0,0,1,0,0,1
10109,-1,154,-1,1,0,0,1,0,1,0,0,0,1,0,0
10044,-1,146,-1,1,1,0,1,0,0,0,0,0,1,1,0
10059,829,99,15,1,0,0,1,0,1,0,0,1,0,0,0
10104,-1,131,11,1,0,0,1,0,0,1,0,0,0,0,0
10109,-1,44,-1,1,0,1,1,0,1,0,0,1,1,0,1
10099,405,92,-1,1,0,0,1,0,1,1,0,1,1,0,0
10100,-1,124,15,1,1,0,1,0,0,0,0,0,0,0,0
10101,720,11,14,1,1,0,1,0,0,1,0,1,0,0,1
10109,-1,163,1,1,0,0,1,0,0,1,0,0,0,0,0
10098,284,160,14,1,0,0,1,0,0,1,0,0,0,0,0
10075,599,105,15,1,0,0,0,0,0,0,0,0,1,0,0
10017,264,60,-1,1,0,0,1,0,0,0,0,0,1,0,1
10109,111,140,-1,1,0,1,0,1,0,0,0,0,0,0,1
10101,821,47,15,1,0,0,1,0,1,0,0,1,0,0,0
10017,264,62,14,1,0,0,1,0,0,1,0,0,1,0,0
10090,204,110,14,1,0,0,1,0,1,1,0,0,0,0,0
10023,-1,57,15,1,0,0,1,0,0,0,0,1,0,0,0
10036,-1,165,5,1,1,0,1,0,0,0,1,0,0,0,1
10017,829,149,5,1,0,0,1,0,1,0,0,1,0,0,0
10097,74,75,14,1,0,0,1,0,0,0,0,0,1,1,0
10108,-1,155,14,1,0,0,1,0,0,0,0,1,1,0,0
10109,759,15,1,1,1,0,1,0,0,1,0,0,1,0,0
10083,20,154,-1,1,1,0,0,0,1,0,0,1,1,0,0
10018,-1,77,13,1,0,0,1,0,1,0,0,0,0,0,0
10057,364,12,11,1,0,0,1,0,0,0,0,1,0,0,0
10020,829,47,-1,1,0,0,1,0,1,0,0,1,0,0,0
10109,729,113,15,1,0,0,1,0,1,0,0,1,0,0,0
10102,237,164,12,1,0,0,1,0,0,1,0,0,0,0,1
10101,-1,157,3,1,0,1,1,0,1,0,0,1,1,0,1
10102,829,20,14,1,0,0,1,0,0,0,0,1,0,0,0
10097,625,94,14,1,0,0,1,0,0,0,1,1,1,0,0
10023,-1,161,15,1,0,0,1,0,1,1,0,0,0,0,0
10097,599,52,12,1,0,0,0,0,1,1,0,1,0,0,0
10109,-1,143,14,1,0,1,1,1,0,0,0,0,0,0,1
10063,-1,161,-1,1,0,0,1,1,0,1,0,0,0,0,1
10106,829,102,15,1,0,0,1,0,1,0,0,1,0,0,0
10073,-1,141,14,1,0,0,1,1,1,0,0,0,1,0,1
10017,-1,100,13,1,1,0,0,0,1,1,1,0,0,0,0
10071,-1,164,5,1,0,0,0,0,0,0,1,1,0,0,0
10105,29,46,15,1,0,0,1,0,0,0,0,0,0,0,0
10072,-1,113,15,1,0,0,1,0,1,0,0,1,0,0,0
10097,643,166,15,1,1,1,0,1,1,0,1,0,0,0,1
10034,-1,87,-1,1,0,0,1,0,1,0,0,0,1,0,1
10100,829,106,15,1,0,0,0,0,1,0,0,1,0,0,1
10096,-1,18,-1,1,0,1,1,0,0,0,1,1,0,0,1
10109,-1,122,1,1,1,0,1,1,0,0,0,0,1,0,1
10019,358,156,-1,1,0,0,1,1,0,0,1,0,0,1,1
10030,829,127,1,1,0,0,1,0,1,0,0,1,0,0,0
10029,-1,168,-1,1,0,0,1,1,1,0,0,0,0,0,1
10017,105,95,-1,1,0,0,0,0,1,0,0,0,0,1,1
10025,693,32,15,1,1,1,0,1,1,0,1,1,0,0,1
10065,669,56,15,1,0,0,0,0,0,1,1,0,0,0,0
10048,547,75,11,1,0,1,0,0,1,1,0,0,1,1,1
10017,596,82,11,1,1,1,1,0,0,0,0,0,1,0,1
10018,710,17,13,1,0,0,1,0,0,0,0,0,0,1,0
10032,-1,66,-1,1,0,0,1,0,0,0,0,0,1,0,0
10106,-1,121,15,1,0,0,1,1,0,0,0,0,0,0,1
10096,-1,65,5,1,0,0,1,0,1,1,0,1,0,0,0
10096,-1,149,-1,1,1,1,0,0,0,0,0,0,0,0,1
10038,829,18,13,1,0,0,1,0,1,1,0,1,0,0,0
10109,-1,106,5,1,0,0,1,0,1,0,0,1,0,0,0
10109,481,157,-1,1,0,0,1,0,0,0,0,1,0,0,0
10017,695,40,5,1,1,0,1,0,0,0,1,0,0,0,0
10109,95,116,3,1,1,0,1,0,0,0,1,0,0,0,0
10029,-1,65,-1,1,0,0,0,1,1,0,1,0,0,0,1
10103,-1,132,15,1,1,0,0,0,0,0,0,0,0,0,0
10034,-1,114,12,1,1,0,1,0,0,0,0,0,0,0,0
10109,-1,145,1,1,0,0,1,0,1,0,0,0,1,1,0
10026,510,164,-1,1,0,1,0,0,0,1,1,0,0,0,1
10017,429,45,15,1,1,0,0,0,1,1,0,1,0,0,0
10021,764,128,-1,1,0,0,1,0,0,0,0,0,1,0,0
10017,178,159,15,1,0,0,1,0,1,0,0,1,0,0,0
10107,226,166,14,1,1,0,1,0,1,0,0,0,0,0,0
10109,-1,136,-1,1,0,0,1,0,0,0,0,0,1,0,0
10027,-1,14,11,1,0,0,1,0,1,0,0,1,0,0,0
10097,-1,160,1,1,0,0,0,1,0,0,1,0,1,0,1
10096,429,145,15,1,0,1,1,0,0,0,0,1,0,0,1
10100,341,161,14,1,0,0,1,0,0,1,0,0,0,0,0
10096,-1,133,-1,1,0,0,1,0,1,0,0,0,0,0,1
10107,-1,63,3,1,0,1,1,0,0,0,1,0,1,0,1
10017,504,104,2,1,0,0,0,0,0,1,0,0,1,0,0
10103,829,121,15,1,0,0,1,0,0,0,0,0,0,0,0
10017,821,63,15,1,0,0,1,0,1,1,0,1,0,0,0
10024,-1,127,15,1,0,0,0,0,1,0,0,0,0,0,0
10101,327,24,14,1,0,0,1,0,1,0,0,1,0,0,0
10063,-1,141,4,1,1,0,0,0,0,1,0,0,0,0,0
10109,-1,147,2,1,1,1,1,1,0,0,0,0,0,1,1
10017,829,84,15,1,0,0,1,0,1,0,0,1,0,1,0
10050,803,65,15,1,1,0,0,0,1,0,0,0,0,0,1
10109,-1,116,2,1,0,1,1,1,0,0,0,1,1,1,1
10096,60,35,-1,1,0,0,1,1,0,0,0,0,0,0,1
10101,767,121,-1,1,0,0,1,1,0,0,1,0,0,0,1
10101,129,118,15,1,0,0,1,0,0,0,1,0,0,0,0
10021,-1,11,1,1,0,1,1,1,1,0,0,1,0,1,1
10094,-1,165,14,1,0,0,0,0,0,1,0,0,0,0,0
10096,-1,55,1,1,0,0,1,0,0,1,0,0,0,0,0
10022,-1,61,15,1,0,0,0,0,1,1,0,0,0,0,0
10096,327,103,14,1,0,1,1,0,0,1,1,1,0,1,1
10097,829,161,15,1,0,0,0,0,1,0,0,1,0,0,0
10097,-1,160,-1,1,1,0,1,0,1,0,0,1,1,0,0
10109,-1,163,-1,1,0,0,1,0,0,0,1,0,0,0,0
10097,-1,12,-1,1,0,0,0,1,1,1,1,0,0,1,1
10017,374,121,11,1,0,0,1,0,0,0,0,0,1,0,0
10017,827,159,5,1,0,0,1,0,1,0,0,1,0,0,0
10021,165,21,14,1,0,0,1,0,0,1,0,1,0,0,0
10096,510,134,15,1,0,0,1,0,0,0,0,0,0,0,0
10034,-1,7,-1,1,0,0,1,0,0,0,0,0,0,0,0
10017,404,156,-1,1,1,0,1,0,0,1,0,0,0,0,0
10097,425,165,-1,1,0,0,1,1,1,0,0,1,0,0,1
10032,-1,162,-1,1,0,0,0,1,0,0,0,0,1,0,1
10109,-1,167,15,1,0,0,1,1,1,0,0,1,0,0,1
10088,793,23,15,1,0,0,1,0,1,1,1,1,0,0,0
10017,-1,61,15,1,1,0,1,0,0,0,1,0,0,0,0
10105,828,102,4,1,0,0,1,0,1,0,0,1,0,0,0
10102,334,112,14,1,0,0,0,0,0,1,0,0,1,0,0
10097,593,159,5,1,1,0,0,0,0,0,0,1,1,0,0
10017,829,54,15,1,0,0,0,0,1,0,0,1,0,0,0
10030,-1,150,-1,1,0,0,1,1,1,0,0,1,1,0,1
10027,829,20,15,1,1,0,1,0,1,0,0,1,0,0,0
10109,68,164,3,1,0,0,1,0,0,0,0,0,1,1,0
10087,693,49,15,1,0,1,0,0,0,1,1,0,0,0,1
10047,633,116,-1,1,1,1,0,0,0,0,0,0,0,0,1
10109,23,154,1,1,0,0,1,0,1,0,0,1,0,0,0
10017,69,17,14,1,0,0,1,0,1,0,0,1,1,0,0
10064,-1,148,14,1,1,0,0,0,0,1,1,0,0,0,1
10102,690,10,13,1,1,0,1,0,0,0,1,0,0,0,0
10109,-1,97,1,1,0,0,1,0,0,1,0,0,1,0,0
10017,-1,144,-1,1,0,0,1,1,0,0,0,1,0,1,1
10109,-1,160,-1,1,0,0,1,0,1,0,0,0,0,0,0
10090,693,20,11,1,0,0,1,0,0,0,1,0,1,0,0
10109,409,157,-1,1,0,0,1,0,1,0,0,1,0,0,0
10017,829,23,15,1,0,0,1,0,1,0,0,1,0,0,0
10021,273,143,15,1,1,0,1,0,1,0,0,0,0,0,0
10099,-1,60,4,1,1,1,1,0,0,1,0,0,0,0,1
10037,59,92,-1,1,1,1,1,0,0,1,0,1,0,0,1
10093,-1,120,14,1,0,0,0,0,0,1,1,0,1,0,0
10097,-1,112,-1,1,0,0,0,0,1,1,0,1,1,0,0
10018,-1,142,-1,1,0,0,1,0,0,1,0,0,0,0,0
10049,-1,101,13,1,0,0,0,0,0,1,0,0,0,0,0
10109,-1,115,-1,1,0,0,0,1,0,0,0,0,0,1,1
10109,778,110,-1,1,0,0,1,0,1,0,0,0,0,1,0
10017,22,69,15,1,0,0,1,0,0,0,0,0,0,0,0
10033,-1,151,13,1,0,0,1,0,0,0,0,1,0,0,0
10096,-1,18,-1,1,0,0,0,0,1,0,0,1,0,0,0
10096,713,165,-1,1,1,1,1,0,0,1,0,0,1,0,1
10097,710,43,14,1,1,0,1,0,1,1,0,0,0,0,0
10109,-1,140,1,1,0,0,0,1,0,1,0,1,0,1,1
10102,264,17,14,1,0,0,1,0,0,1,0,0,1,0,1
10109,270,29,13,1,0,0,0,0,1,0,0,0,0,0,0
10109,-1,159,5,1,1,0,1,0,0,0,0,0,0,0,0
10035,420,152,15,1,1,0,0,0,0,0,0,0,0,0,0
10109,-1,23,4,1,0,0,1,0,0,0,0,1,1,0,0
10017,-1,158,15,1,1,0,0,1,0,0,0,1,0,0,1
10096,129,136,15,1,0,0,1,0,1,0,0,1,0,0,0
10099,423,108,-1,1,0,0,1,0,1,1,1,0,0,0,0
10109,-1,59,5,1,0,1,1,0,0,0,0,0,0,0,1
10096,-1,166,-1,1,0,0,1,0,1,0,0,0,0,0,0
10017,396,30,14,1,0,0,1,0,0,0,0,0,0,0,0
10109,-1,105,-1,1,1,0,1,0,0,0,0,1,0,1,0
10109,755,46,-1,1,0,1,1,1,0,0,0,0,0,1,1
10017,-1,94,15,1,0,0,1,0,1,0,0,1,0,0,0
10017,691,149,11,1,0,0,0,1,0,0,0,0,1,0,1
10109,-1,117,-1,1,0,0,1,0,0,0,1,0,1,1,0
10036,-1,165,-1,1,0,1,1,0,1,0,0,0,0,0,1
10107,-1,50,12,1,1,1,1,0,0,1,0,0,1,0,1
10017,469,159,14,1,0,0,1,0,0,0,0,1,0,0,0
10017,829,115,15,1,1,0,1,0,1,0,0,1,0,0,0
10023,-1,120,-1,1,0,0,1,0,0,1,0,0,0,0,0
10096,457,115,-1,1,0,0,0,0,1,0,0,0,0,0,0
10017,-1,114,14,1,0,0,1,0,0,0,0,1,0,0,0
10067,693,102,15,1,1,0,0,0,1,0,0,0,0,0,0
10053,206,90,5,1,0,0,0,0,0,1,1,0,0,0,0
10109,-1,166,-1,1,0,1,1,0,0,1,0,1,0,0,1
10097,364,131,13,1,0,0,1,0,1,1,0,0,1,0,0
10017,-1,158,15,1,0,0,1,0,1,0,0,1,0,0,0
10057,243,163,15,1,0,0,0,0,0,1,1,0,0,0,0
10097,275,96,11,1,0,0,1,0,0,1,0,1,1,0,1
10101,264,45,14,1,0,0,1,0,0,1,0,0,1,0,0
10030,-1,12,3,1,0,0,0,1,1,0,1,1,0,1,1
10109,-1,96,15,1,0,0,1,0,1,0,0,1,0,0,0
10109,159,37,-1,1,0,0,0,0,1,0,0,1,0,0,0
10097,-1,26,15,1,0,0,1,0,1,1,0,0,0,0,1
10025,829,163,15,1,0,0,1,0,1,0,0,1,0,0,0
10057,523,36,15,1,0,0,1,0,1,0,0,0,0,0,0
10028,-1,7,5,1,0,1,0,0,1,0,0,0,0,0,1
10087,-1,160,14,1,0,0,1,0,0,1,0,0,0,0,0
10109,-1,159,-1,1,0,0,1,0,0,0,0,0,0,1,0
10104,-1,157,15,1,0,1,1,0,0,1,0,0,0,0,1
10100,683,22,-1,1,0,0,0,0,0,0,0,0,1,0,0
10028,124,153,15,1,0,0,1,0,1,1,0,0,1,0,0
10025,729,118,5,1,0,1,1,0,1,0,0,1,0,0,1
10109,407,51,4,1,0,0,1,0,0,0,0,0,0,0,0
10020,527,162,4,1,0,0,1,0,0,0,0,1,0,0,0
10021,611,161,15,1,1,0,1,0,0,0,0,1,0,0,0
10031,-1,93,3,1,0,0,1,0,0,0,0,1,0,0,0
10109,-1,31,-1,1,0,0,1,1,1,0,0,0,0,0,1
10066,824,82,15,1,0,0,0,0,0,0,0,1,0,0,0
10017,829,42,15,1,0,0,1,0,1,0,0,1,0,0,0
10080,-1,151,15,1,1,0,0,0,1,0,0,1,0,0,0
10109,107,109,3,1,0,1,1,0,1,0,0,0,1,0,1
10084,91,94,13,1,1,0,1,0,1,0,0,0,0,0,0
10031,775,56,14,1,0,0,0,1,0,0,0,0,1,0,1
10098,514,160,3,1,0,0,1,1,0,0,0,0,0,0,1
10065,-1,95,15,1,0,0,1,0,1,0,0,0,0,0,0
10035,-1,166,-1,1,1,0,1,0,0,0,0,0,1,0,0
10028,761,48,-1,1,0,0,1,0,0,1,0,0,0,1,0
10017,-1,84,3,1,1,0,1,0,1,1,0,0,0,0,0
10096,769,166,-1,1,0,0,1,1,0,1,0,1,0,0,1
10109,-1,59,11,1,0,0,1,0,1,0,0,1,0,0,0
10102,-1,115,2,1,0,0,1,0,0,0,0,0,0,0,0
10097,-1,91,13,1,0,0,1,0,0,1,0,0,1,0,0
10017,-1,21,15,1,0,0,0,0,0,0,0,0,0,0,0
10109,-1,34,-1,1,0,0,1,1,1,0,0,0,0,0,1
10028,48,33,5,1,0,1,1,0,0,1,0,0,0,0,1
10097,701,49,2,1,0,0,1,1,0,0,0,0,0,0,1
10096,624,163,15,1,0,1,0,0,0,1,0,0,1,0,1
10095,261,159,12,1,1,1,1,0,0,1,0,0,1,0,1
10033,749,50,15,1,0,0,0,0,1,1,0,1,0,0,1
10027,-1,57,15,1,0,0,1,0,0,0,1,0,0,0,0
10096,-1,7,15,1,0,0,1,0,1,0,0,1,0,0,0
10100,-1,159,-1,1,0,0,1,0,0,1,0,1,1,0,1
10056,544,150,15,1,0,0,1,0,1,1,1,0,0,0,0
10026,804,50,15,1,0,0,1,0,1,0,0,0,0,0,0
10017,-1,59,15,1,0,0,1,0,0,0,0,0,0,0,0
10031,293,15,11,1,0,0,0,0,0,0,0,0,1,0,0
10109,-1,52,-1,1,0,1,0,1,0,0,0,1,1,1,1
10103,163,50,14,1,0,0,1,0,0,1,0,0,0,0,0
10091,693,166,1,1,1,0,0,0,0,1,1,0,0,0,0
10102,-1,167,-1,1,1,0,1,0,0,1,0,0,0,0,0
10017,4,166,15,1,0,1,1,0,1,0,0,1,0,0,1
10039,513,137,15,1,1,0,0,0,1,0,1,0,0,0,0
10109,-1,114,-1,1,0,0,1,0,0,0,0,0,1,1,1
10032,-1,159,14,1,0,1,0,1,1,0,1,0,1,0,1
10109,-1,68,-1,1,0,0,1,0,0,0,0,0,0,0,0
10094,693,157,15,1,1,0,0,0,0,1,1,0,0,0,1
10024,-1,9,-1,1,0,0,1,0,0,0,0,1,0,0,0
10109,-1,16,14,1,1,0,1,0,1,0,0,0,1,0,0
10106,-1,163,15,1,0,1,1,0,0,1,0,0,1,0,1
10106,294,107,4,1,0,0,1,0,0,0,0,0,1,0,0
10034,-1,151,15,1,0,0,1,0,0,1,0,0,1,0,0
10074,584,127,5,1,1,0,0,0,0,0,0,0,0,0,0
10109,-1,51,-1,1,0,0,1,0,0,0,0,0,0,0,0
10027,9,125,14,1,0,0,0,0,0,0,1,0,0,0,1
10017,663,142,15,1,1,0,1,0,0,1,1,0,0,0,0
10030,-1,158,-1,1,0,1,1,0,1,0,0,0,0,0,1
10017,829,162,15,1,0,0,1,0,1,1,0,1,0,0,0
10017,829,56,15,1,0,0,1,0,1,0,0,1,0,0,0
10037,-1,11,15,1,1,0,1,1,0,0,1,0,1,0,1
10017,423,150,-1,1,0,0,1,0,1,1,0,1,0,0,0
10046,161,159,5,1,0,0,1,0,0,0,0,0,0,0,0
10097,-1,49,3,1,0,0,1,1,0,1,0,1,0,1,1
10074,-1,132,5,1,0,0,0,0,0,1,0,1,1,0,0
10033,-1,84,4,1,0,0,1,0,0,1,0,0,0,0,0
10096,699,158,15,1,0,0,1,0,0,0,0,0,0,0,0
10109,-1,69,4,1,1,0,1,1,0,1,0,0,0,0,1
10017,29,149,15,1,0,0,1,0,1,0,0,1,0,0,0
10017,823,13,15,1,0,0,1,0,1,0,0,1,0,0,0
10109,829,166,-1,1,0,0,1,0,0,0,0,1,0,0,0
10043,193,97,14,1,0,0,0,0,0,1,0,0,0,0,0
10035,-1,165,11,1,0,0,1,0,1,0,0,0,0,0,0
10107,-1,152,14,1,0,0,1,0,0,0,0,1,1,0,0
10104,-1,86,5,1,0,0,1,0,0,0,0,0,1,0,0
10029,69,56,15,1,0,0,1,0,0,0,0,1,1,0,0
10027,-1,65,-1,1,0,1,0,0,1,0,0,1,0,1,1
10096,628,166,14,1,0,0,0,0,0,1,0,0,1,0,1
10017,711,58,5,1,0,0,1,0,1,0,0,1,0,0,0
10017,-1,140,14,1,1,0,1,0,0,0,0,0,1,0,0
10085,129,159,15,1,0,1,0,0,1,0,0,1,0,0,1
10101,567,157,13,1,0,0,0,0,0,1,0,0,1,0,0
10097,-1,97,-1,1,0,1,1,1,0,0,0,0,1,0,1
10019,-1,157,4,1,0,0,1,1,0,0,0,1,0,1,1
10039,-1,12,14,1,0,1,0,0,0,1,0,0,1,0,1
10020,693,101,4,1,0,0,1,0,0,1,1,0,0,1,0
10109,-1,165,-1,1,0,0,1,1,1,0,0,1,0,1,1
10064,623,101,15,1,1,0,0,0,0,1,0,0,0,0,0
10017,687,111,-1,1,0,0,0,0,0,0,0,0,0,0,0
10099,680,7,-1,1,1,0,0,0,1,1,0,1,0,0,0
10018,-1,102,11,1,0,1,1,0,1,0,0,1,0,0,1
10020,-1,19,4,1,0,0,1,0,1,1,0,0,1,0,0
10103,-1,26,-1,1,0,0,1,0,0,0,0,0,0,0,0
10017,-1,91,15,1,0,0,1,0,0,0,0,0,0,0,0
10027,362,161,5,1,0,0,1,0,0,1,0,0,1,0,0
10106,827,51,14,1,0,0,1,0,1,0,0,1,0,0,0
10096,-1,98,14,1,0,0,1,0,0,1,0,0,0,0,0
10105,-1,96,5,1,0,1,1,0,0,1,0,0,1,0,1
10109,735,41,-1,1,0,0,1,0,1,1,0,1,1,0,0
10046,-1,166,-1,1,0,0,1,0,0,1,0,0,0,0,1
10017,140,140,15,1,0,0,1,0,1,0,0,1,0,0,0
10109,-1,110,3,1,0,1,1,1,0,0,1,0,0,0,1
10109,697,165,11,1,1,0,0,0,1,1,0,0,0,0,0
10106,667,100,-1,1,0,0,1,0,0,0,0,1,0,0,0
10017,518,22,13,1,0,0,1,0,0,0,0,0,1,0,0
10059,223,51,15,1,1,0,0,0,0,0,1,1,1,0,0
10033,310,54,12,1,1,0,0,0,0,0,0,1,0,0,0
10026,-1,159,15,1,0,0,1,0,0,1,0,1,0,0,0
10023,-1,108,15,1,0,0,0,0,1,0,0,1,0,0,1
10097,-1,112,15,1,0,0,1,0,0,1,0,1,0,0,0
10097,228,128,14,1,0,0,1,0,0,0,0,0,0,0,0
10108,83,157,12,1,0,0,1,0,0,0,0,0,0,0,0
10100,-1,49,14,1,0,1,1,0,0,1,0,1,1,1,1
10023,79,46,15,1,0,0,1,0,0,1,0,0,0,0,0
10034,-1,29,15,1,0,0,0,0,0,0,0,1,1,1,1
10109,-1,163,4,1,0,0,1,0,0,0,0,0,1,0,1
10033,-1,122,14,1,0,1,1,0,0,1,0,0,0,0,1
10027,829,21,15,1,0,1,1,0,1,0,0,1,0,0,1
10017,-1,126,-1,1,0,0,1,0,0,0,0,1,0,0,0
10022,-1,42,13,1,0,0,0,0,1,0,0,1,0,0,0
10097,-1,139,-1,1,0,1,1,1,0,0,1,1,0,0,1
10109,201,145,1,1,0,0,1,0,0,0,0,0,0,0,0
10017,-1,90,11,1,0,0,1,0,0,1,0,1,1,0,0
10100,-1,21,15,1,0,0,1,0,0,0,0,0,0,0,0
10017,-1,118,15,1,0,0,1,0,1,0,0,1,0,0,0
10035,-1,113,-1,1,0,0,0,1,1,1,1,1,0,1,1
10109,819,92,12,1,0,0,1,0,1,0,0,1,1,0,0
10109,-1,99,-1,1,0,1,0,1,1,0,0,0,0,0,1
10017,339,17,-1,1,0,0,1,0,1,1,0,0,0,0,0
10106,229,116,12,1,0,1,1,0,1,1,0,0,0,0,1
10026,-1,124,-1,1,0,1,1,1,0,0,0,0,0,0,1
10105,129,81,15,1,0,1,1,0,1,0,0,1,0,0,1
10017,469,71,14,1,0,0,1,0,0,1,0,0,1,0,0
10097,343,28,12,1,0,0,1,0,1,0,0,0,0,0,0
10017,-1,28,15,1,0,0,1,0,0,1,1,0,0,0,1
10017,-1,150,15,1,0,0,1,0,1,0,0,1,0,0,1
10021,-1,160,12,1,1,0,1,0,0,1,0,0,1,1,1
10017,-1,155,15,1,0,0,1,0,0,0,1,1,0,0,0
10060,564,166,14,1,0,0,1,0,0,1,1,0,0,0,0
10097,-1,40,-1,1,0,0,1,0,1,0,1,1,0,0,1
10109,-1,159,-1,1,0,1,1,0,0,0,0,0,1,0,1
10106,621,164,15,1,0,1,0,0,0,0,1,0,1,0,1
10099,649,142,15,1,0,0,1,0,1,0,1,0,0,0,0
10036,-1,59,-1,1,0,0,1,0,1,0,0,1,0,0,0
10106,-1,150,15,1,0,0,1,0,1,0,0,1,1,0,1
10109,824,7,12,1,0,0,1,0,1,0,0,1,0,0,0
10109,49,167,-1,1,0,0,0,0,1,0,0,0,0,0,0
10109,265,34,12,1,1,0,1,0,0,1,0,0,1,0,1
10102,532,158,14,1,0,0,1,0,1,0,0,0,1,0,0
10017,129,150,15,1,0,1,1,0,1,0,0,1,0,0,1
10025,-1,69,-1,1,0,0,0,0,0,1,0,0,0,0,0
10109,-1,41,3,1,1,0,1,1,0,0,0,0,0,1,1
10065,318,31,11,1,0,0,1,0,0,1,0,0,1,0,0
10107,110,156,11,1,0,0,1,0,0,0,0,1,0,1,0
10029,-1,14,-1,1,0,0,1,1,1,0,0,0,0,0,1
10076,579,42,15,1,0,1,0,1,0,1,1,1,0,0,1
10022,507,73,14,1,0,0,1,1,0,1,1,0,0,0,1
10102,-1,146,-1,1,0,0,1,0,0,1,0,0,1,0,0
10068,-1,56,15,1,0,0,1,0,0,0,0,0,0,0,0
10109,-1,157,5,1,0,0,0,1,1,0,0,0,0,0,1
10108,129,156,15,1,0,0,1,0,1,0,0,1,0,0,0
10025,518,28,13,1,0,0,1,0,0,1,0,0,0,0,0
10109,-1,154,14,1,1,0,1,0,1,0,0,0,0,0,1
10026,-1,158,14,1,0,0,1,0,0,0,0,0,1,0,0
10097,90,18,15,1,0,0,1,0,0,0,1,0,1,0,1
10034,-1,121,4,1,1,0,1,0,1,0,0,0,0,0,0
10109,-1,132,-1,1,0,0,0,0,1,0,0,1,0,0,0
10017,32,154,1,1,0,0,1,0,1,0,0,0,0,0,0
10032,-1,92,15,1,0,0,1,0,0,1,0,1,0,0,0
10098,250,128,-1,1,0,0,1,0,0,0,0,1,0,0,0
10098,554,167,13,1,0,0,1,0,1,0,0,0,1,0,0
10017,821,97,-1,1,0,0,1,0,0,0,0,0,0,0,1
10050,-1,127,2,1,0,1,0,0,1,0,1,1,0,0,1
10027,-1,158,-1,1,0,0,1,0,0,0,0,0,0,1,0
10109,-1,100,-1,1,0,0,0,1,0,0,1,0,0,0,1
10109,-1,167,1,1,0,0,1,1,1,0,1,0,0,1,1
10096,664,110,3,1,1,0,0,1,0,0,1,0,0,0,1
10109,-1,162,12,1,0,0,1,0,0,0,0,1,0,0,0
10027,-1,164,-1,1,1,0,0,0,0,0,1,0,0,0,0
10109,-1,146,-1,1,0,0,1,0,0,1,0,0,0,0,1
10023,-1,161,15,1,1,0,0,0,1,1,0,0,0,0,0
10102,829,121,14,1,0,0,1,0,1,0,0,1,0,0,0
10026,-1,81,-1,1,0,1,1,0,0,0,0,0,0,0,1
10017,593,13,15,1,0,0,0,0,0,1,1,0,0,0,0
10106,175,87,2,1,0,0,0,0,0,0,0,0,1,0,0
10096,-1,25,15,1,1,0,1,0,0,0,0,0,0,0,0
10017,-1,95,11,1,0,0,1,1,1,1,0,1,0,0,1
10108,167,142,15,1,1,0,1,0,1,1,0,1,1,0,0
10097,-1,158,5,1,0,0,1,0,1,0,0,1,0,0,0
10017,429,144,15,1,0,1,1,0,1,0,0,1,0,0,1
10017,-1,84,15,1,0,0,0,0,1,1,0,0,1,0,0
10103,-1,91,15,1,0,0,1,0,0,1,0,0,0,0,0
10109,591,79,11,1,1,1,1,1,0,0,1,0,0,1,1
10032,-1,157,5,1,0,1,1,0,0,1,0,0,0,0,1
10022,-1,102,-1,1,1,0,0,0,1,0,0,0,0,0,0
10017,463,52,15,1,0,0,1,0,1,1,0,1,1,0,0
10097,264,54,15,1,0,0,1,0,1,1,0,1,1,0,0
10031,-1,163,13,1,0,0,1,1,1,0,0,0,0,0,1
10109,829,126,15,1,1,0,1,0,1,0,0,1,0,0,0
10018,829,142,15,1,1,0,1,0,0,1,0,0,0,0,0
10077,829,128,5,1,0,0,1,0,1,1,0,1,0,0,0
10097,-1,122,14,1,0,0,0,0,1,1,0,0,0,0,0
10017,666,135,15,1,0,0,0,0,0,0,0,0,0,0,0
10108,606,163,15,1,1,0,0,0,0,0,0,0,0,0,0
10109,-1,82,5,1,0,0,1,1,1,0,0,1,0,0,1
10109,66,21,12,1,0,1,0,1,0,0,0,0,0,0,1
10027,-1,120,1,1,0,0,1,1,0,0,0,0,0,1,1
10096,-1,63,14,1,0,0,0,0,0,0,0,1,1,0,0
10017,360,156,14,1,0,0,1,0,0,0,0,0,0,0,1
10085,653,134,14,1,1,0,0,0,0,1,0,0,0,0,1
10102,-1,116,1,1,0,1,1,1,0,0,0,0,1,0,1
10017,382,106,5,1,0,0,1,0,1,0,0,1,0,0,0
10069,523,162,15,1,0,0,1,0,0,0,0,0,0,0,0
10029,601,10,-1,1,0,0,1,1,0,0,0,0,0,0,1
10017,-1,160,15,1,0,0,0,0,1,0,0,1,0,0,0
10021,829,159,15,1,0,0,0,0,1,0,0,1,0,0,0
10097,-1,167,5,1,1,0,1,0,1,1,0,0,0,0,0
10100,280,165,14,1,0,0,1,0,0,1,0,0,1,0,0
10096,-1,57,-1,1,0,0,1,0,1,0,0,1,0,0,0
10017,-1,164,-1,1,0,0,1,0,0,1,0,0,0,0,1
10017,423,91,15,1,0,0,1,0,1,1,0,1,0,0,1
10109,402,163,-1,1,0,0,1,1,0,0,0,0,1,0,1
10102,-1,105,-1,1,0,0,1,0,0,1,0,0,1,0,0
10028,498,83,-1,1,1,0,1,0,1,1,0,0,0,0,0
10031,-1,89,-1,1,0,1,1,1,1,0,0,0,1,1,1
10102,569,25,15,1,1,1,1,0,1,1,1,0,0,0,1
10097,23,29,15,1,1,0,1,0,1,0,0,1,0,0,0
10037,-1,150,14,1,0,0,1,0,0,1,0,1,1,0,0
10024,268,158,14,1,0,0,1,0,0,1,0,1,1,0,0
10099,661,143,14,1,0,0,1,0,0,1,0,0,1,0,0
10109,-1,88,1,1,0,0,1,1,0,0,0,0,0,0,1
10063,281,157,2,1,0,1,1,0,0,1,0,0,0,0,1
10026,699,160,5,1,0,0,1,0,1,1,0,0,0,0,0
10028,132,160,5,1,0,1,1,0,0,0,0,1,0,0,1
10109,-1,29,-1,1,0,1,0,1,0,0,0,0,0,0,1
10103,-1,62,15,1,0,0,1,0,0,0,0,1,0,0,1
10097,274,166,15,1,0,0,1,0,0,1,0,0,1,0,0
10034,425,89,5,1,0,0,1,0,1,0,0,1,0,0,0
10035,-1,25,3,1,0,0,1,1,0,0,0,0,0,0,1
10101,638,144,4,1,0,0,1,1,0,0,1,0,0,0,1
10017,-1,153,15,1,0,0,1,0,1,0,0,1,0,0,0
10096,664,87,5,1,0,0,0,0,0,1,0,0,1,0,0
10104,664,88,14,1,0,0,1,0,0,1,0,0,1,0,0
10099,-1,162,11,1,0,0,1,0,0,1,0,0,1,0,1
10099,829,146,15,1,0,0,1,0,1,0,0,1,0,0,0
10030,129,7,15,1,0,0,1,0,0,0,0,1,0,0,0
10096,-1,159,1,1,0,0,0,0,1,0,0,1,1,0,0
10105,-1,65,13,1,0,0,1,0,0,1,0,0,0,0,0
10017,629,149,15,1,0,0,1,0,1,0,0,1,0,0,0
10017,202,106,14,1,0,0,1,0,1,1,0,1,1,0,1
10052,-1,45,3,1,1,0,0,0,0,1,1,0,0,1,0
10103,-1,157,14,1,1,0,1,0,0,0,0,0,0,0,0
10109,-1,79,5,1,0,0,0,1,1,0,0,0,0,0,1
10107,-1,112,5,1,1,0,1,0,0,0,0,0,1,0,1
10103,-1,44,15,1,0,1,1,0,1,0,0,0,0,0,1
10109,-1,162,-1,1,1,0,1,1,0,1,0,0,0,0,1
10100,829,73,15,1,0,0,1,0,1,0,0,1,0,0,1
10037,329,131,15,1,0,0,1,0,1,0,0,0,0,0,0
10017,829,47,15,1,0,0,1,0,1,0,0,1,0,0,1
10071,-1,38,15,1,1,0,0,0,1,0,0,1,1,0,0
10033,86,125,-1,1,0,1,1,1,1,0,0,1,0,0,1
10026,-1,141,15,1,0,0,1,0,1,0,0,1,0,0,0
10017,-1,53,15,1,0,0,0,0,0,0,0,1,0,0,0
10109,-1,46,5,1,0,0,1,1,0,0,0,1,0,1,1
10017,-1,153,-1,1,0,0,1,0,1,0,0,1,0,0,0
10107,221,158,11,1,0,0,1,0,0,0,0,0,0,0,0
10024,-1,105,-1,1,0,1,0,1,1,0,0,0,1,0,1
10017,429,64,4,1,0,0,1,0,1,0,0,1,0,0,0
10025,-1,155,5,1,0,0,1,0,1,0,0,1,0,1,0
10105,827,112,15,1,0,0,0,0,0,0,0,1,1,0,0
10109,-1,41,1,1,0,0,1,0,1,1,0,0,0,0,0
10109,-1,17,11,1,0,0,1,1,0,1,0,0,0,1,1
10109,-1,32,-1,1,0,0,1,0,0,1,0,0,0,0,1
10074,97,152,1,1,1,0,1,1,0,0,0,0,0,0,1
10102,-1,50,15,1,1,0,1,0,0,0,0,0,0,0,0
10023,-1,92,5,1,0,0,1,0,1,0,0,1,0,0,0
10017,803,7,15,1,0,0,1,0,1,0,0,1,0,0,0
10032,-1,165,1,1,0,0,0,0,0,1,0,0,1,0,0
10069,829,157,15,1,0,0,0,1,1,0,0,1,0,0,1
10017,-1,143,15,1,0,1,1,0,1,0,0,1,0,0,1
10018,23,118,15,1,0,0,1,0,0,0,0,0,1,0,1
10096,257,45,12,1,1,1,1,0,1,0,0,0,1,0,1
10097,589,148,-1,1,0,1,0,0,0,1,1,1,0,0,1
10023,559,126,12,1,0,0,1,0,0,0,0,0,0,0,0
10096,-1,57,15,1,1,0,1,0,0,0,0,1,0,0,0
10097,-1,90,14,1,0,0,1,1,0,0,0,0,1,0,1
10046,-1,96,-1,1,0,0,0,0,0,1,0,0,1,0,0
10026,94,134,14,1,0,0,1,0,0,1,0,1,0,0,0
10096,-1,139,-1,1,0,0,1,1,0,0,0,0,0,0,1
10103,255,51,-1,1,0,0,1,0,0,0,0,0,1,0,0
10102,829,7,-1,1,0,0,1,0,1,0,0,0,0,0,0
10097,-1,156,-1,1,0,0,1,0,0,1,0,1,0,0,1
10104,-1,7,5,1,0,0,1,0,0,0,0,0,0,0,1
10017,-1,157,15,1,0,0,1,0,1,0,0,1,0,0,0
10108,-1,76,15,1,0,0,1,0,0,1,0,0,1,0,0
10109,-1,165,3,1,1,1,1,0,0,0,0,1,1,1,1
10019,-1,136,-1,1,0,0,1,1,0,1,0,0,0,0,1
10096,240,61,15,1,0,0,0,0,0,0,0,1,0,0,0
10017,829,46,11,1,0,0,1,0,1,0,0,1,0,0,1
10046,253,156,5,1,1,0,0,0,0,0,1,1,0,0,0
10109,-1,163,5,1,0,0,1,0,0,0,0,0,1,0,1
10097,-1,106,-1,1,0,1,1,0,0,0,0,0,0,0,1
10028,-1,21,14,1,0,1,0,1,1,0,0,0,0,0,1
10081,295,146,15,1,0,1,0,0,0,0,0,0,0,0,1
10017,-1,156,15,1,0,0,1,0,0,0,0,1,0,0,1
10017,623,159,15,1,0,0,1,0,0,1,0,0,0,0,0
10017,191,156,15,1,0,0,0,0,1,0,0,1,0,0,0
10098,829,160,14,1,0,0,1,0,0,0,0,0,0,0,1
10103,429,14,13,1,0,0,1,0,1,0,0,1,0,0,0
10017,529,164,5,1,0,0,1,0,0,0,1,1,0,0,0
10040,201,113,13,1,0,0,0,0,1,1,0,1,1,0,0
10028,204,25,14,1,0,0,0,1,0,0,0,1,0,0,1
10102,239,118,1,1,0,0,1,0,0,0,0,1,1,0,0
10017,265,57,14,1,1,0,1,0,0,1,0,1,1,0,0
10017,-1,116,-1,1,0,0,1,1,1,0,0,1,1,0,1
10103,824,161,14,1,0,0,1,0,0,0,1,0,0,0,0
10109,280,109,5,1,0,1,1,0,0,0,0,1,0,0,1
10017,-1,144,15,1,0,0,1,0,1,0,0,1,0,0,0
10026,219,44,15,1,0,0,1,0,0,1,1,1,0,0,1
10107,204,79,11,1,0,1,1,0,0,1,0,0,0,0,1
10064,103,162,15,1,0,1,1,0,0,0,1,1,0,0,1
10034,-1,59,4,1,1,0,1,0,0,1,0,0,0,0,0
10109,-1,14,-1,1,0,0,1,0,0,0,0,0,0,0,1
10069,-1,163,15,1,0,0,1,0,1,0,1,1,0,0,0
10019,570,122,15,1,1,0,1,0,0,1,1,0,0,0,0
10056,656,159,15,1,0,0,0,0,1,1,1,0,0,0,0
10024,529,80,13,1,1,1,1,0,0,0,1,1,0,0,1
10017,829,139,5,1,0,0,1,0,1,0,0,1,0,0,0
10028,-1,69,3,1,0,0,1,0,0,0,0,1,0,0,0
10109,-1,161,-1,1,0,1,0,1,1,0,0,1,0,0,1
10109,-1,96,1,1,0,0,1,0,1,0,1,0,0,0,0
10109,260,10,-1,1,0,1,1,1,0,1,0,0,1,0,1
10066,499,138,15,1,0,0,0,0,0,0,0,1,0,0,0
10096,-1,93,14,1,1,1,1,0,0,1,0,0,0,0,1
10017,-1,145,1,1,0,0,1,0,1,0,0,1,0,0,0
10023,609,113,-1,1,1,0,0,0,0,0,0,0,0,0,1
10025,829,151,15,1,0,0,0,1,1,0,0,1,0,0,1
10017,129,116,5,1,1,0,0,0,1,0,0,1,0,0,0
10106,344,97,4,1,0,0,1,0,0,0,0,0,0,0,0
10019,-1,73,-1,1,0,1,1,1,0,1,1,0,1,0,1
10108,829,66,-1,1,0,1,0,0,1,0,0,1,0,0,1
10057,613,38,15,1,0,0,1,0,0,1,0,1,0,0,0
10017,429,130,15,1,0,0,1,0,1,0,0,1,0,0,1
10017,829,49,-1,1,0,0,1,0,1,0,0,1,0,0,0
10102,699,14,15,1,1,0,0,0,0,1,1,0,1,0,0
10036,-1,39,1,1,0,0,1,1,0,1,0,0,0,1,1
10017,401,150,-1,1,0,0,1,0,0,0,0,0,0,0,0
10022,49,35,4,1,0,0,1,0,0,1,0,0,0,0,0
10040,95,15,14,1,1,0,0,1,1,1,0,1,0,0,1
10062,-1,157,15,1,0,0,0,0,0,0,0,1,1,0,0
10097,-1,60,12,1,0,0,1,0,0,0,0,0,0,0,0
10086,289,131,15,1,0,0,1,0,0,1,1,0,0,0,0
10039,623,87,1,1,0,1,0,0,1,1,0,1,0,0,1
10023,697,64,5,1,0,0,1,0,0,1,1,0,1,1,0
10097,-1,162,5,1,0,0,1,0,0,1,0,1,0,0,0
10026,388,138,13,1,0,0,1,0,1,1,0,0,1,0,1
10102,-1,166,14,1,0,1,1,0,0,1,0,0,0,0,1
10092,43,84,5,1,0,1,0,0,0,1,0,0,0,0,1
10097,-1,160,15,1,0,0,1,0,0,1,0,0,0,0,0
10096,-1,120,15,1,0,0,0,0,1,0,0,1,0,0,0
10109,261,83,4,1,0,0,1,1,0,1,1,0,0,0,1
10102,-1,115,5,1,0,0,1,1,1,0,0,0,1,0,1
10103,-1,66,-1,1,0,1,0,0,1,1,0,0,1,0,1
10024,709,13,-1,1,0,1,1,0,0,0,0,0,0,1,1
10031,-1,129,15,1,0,0,1,0,1,0,0,1,1,0,0
10063,-1,114,5,1,0,0,1,0,1,0,0,1,0,0,1
10106,7,87,14,1,0,0,0,1,1,0,0,0,0,0,1
10105,61,12,14,1,0,1,1,1,0,1,1,0,1,0,1
10084,199,11,13,1,0,0,0,0,0,0,0,0,0,0,0
10017,-1,121,11,1,0,0,1,0,0,1,0,0,0,0,0
10042,829,164,15,1,1,1,1,0,1,0,0,1,0,0,1
10097,162,160,-1,1,0,0,1,1,1,1,0,0,0,0,1
10075,-1,35,15,1,0,0,1,0,1,1,0,1,0,0,0
10097,-1,17,-1,1,0,0,0,0,0,1,0,0,0,0,0
10054,443,45,11,1,0,0,1,0,0,1,1,0,0,0,0
10108,-1,140,-1,1,0,0,1,0,0,1,0,0,1,0,0
10017,524,165,14,1,1,0,1,0,1,1,1,1,1,0,0
10097,-1,106,-1,1,0,0,1,1,1,0,0,1,0,0,1
10021,109,50,5,1,0,1,1,0,0,0,0,0,0,0,1
10047,244,164,15,1,1,0,1,0,0,0,0,0,0,0,0
10109,-1,85,-1,1,0,0,0,1,1,0,0,1,0,0,1
10017,-1,160,-1,1,0,0,1,0,0,1,0,0,0,0,0
10017,121,139,15,1,0,0,1,0,1,0,0,0,0,0,0
10017,594,144,15,1,0,0,1,0,0,0,0,0,0,0,0
10062,-1,28,15,1,1,0,0,0,0,1,1,0,0,0,0
10030,-1,152,12,1,0,0,1,1,1,1,0,1,0,0,1
10098,-1,22,14,1,0,0,1,0,0,1,0,0,0,0,0
10106,-1,154,4,1,0,0,0,0,1,0,0,1,0,0,0
10097,204,39,14,1,0,0,1,0,0,0,0,0,0,0,0
10056,-1,144,15,1,0,0,0,0,0,1,0,1,0,0,0
10017,829,130,5,1,0,0,1,0,1,0,0,1,0,0,0
10053,129,156,5,1,0,0,1,0,1,1,1,1,0,0,1
10105,-1,95,11,1,0,1,1,1,0,1,0,0,0,0,1
10069,67,41,4,1,0,0,1,0,1,1,0,0,1,0,0
10100,-1,157,-1,1,0,0,1,0,1,1,0,0,0,0,0
10038,693,43,1,1,1,0,0,0,0,0,0,0,0,0,0
10105,161,164,11,1,1,0,1,0,0,0,0,0,0,0,0
10109,-1,27,-1,1,0,0,0,0,0,0,0,0,1,0,0
10052,829,21,12,1,0,0,1,0,1,1,0,1,0,0,0
10096,611,7,13,1,0,0,0,0,0,0,0,0,0,0,0
10027,-1,25,15,1,0,0,1,0,1,0,0,1,0,0,0
10098,-1,146,15,1,0,1,1,0,1,1,0,0,1,0,1
10029,68,109,14,1,0,1,1,0,0,0,1,0,0,0,1
10109,-1,162,14,1,0,0,1,0,0,0,1,0,0,0,0
10029,-1,115,-1,1,1,0,1,0,0,0,0,0,0,0,0
10096,264,127,14,1,0,0,1,0,0,0,0,0,0,0,0
10104,-1,158,4,1,0,1,1,1,1,0,0,0,1,0,1
10100,524,7,15,1,0,0,1,0,1,0,0,0,1,0,0
10109,-1,163,15,1,0,0,1,0,0,1,0,1,1,0,0
10024,-1,110,15,1,0,0,1,0,0,0,0,0,0,0,0
10065,693,95,5,1,1,0,0,0,0,1,1,0,0,0,0
10019,-1,159,15,1,0,0,1,0,1,0,0,1,0,0,0
10024,829,105,15,1,0,1,1,0,1,0,0,1,0,0,1
10028,128,36,-1,1,0,0,1,0,1,0,0,1,1,0,0
10033,20,156,15,1,0,0,1,0,0,0,0,1,0,0,0
10017,829,57,15,1,1,0,1,0,0,1,0,0,0,0,0
10106,204,7,12,1,0,0,1,0,1,1,0,0,1,0,0
10103,-1,60,13,1,0,1,1,1,0,0,0,0,1,0,1
10096,-1,24,-1,1,0,0,1,0,1,1,0,0,1,0,1
10026,-1,146,14,1,1,0,1,0,0,0,0,0,0,0,0
10047,695,163,15,1,1,0,0,0,0,0,1,1,0,0,1
10049,-1,161,15,1,1,1,1,0,0,0,1,0,0,0,1
10101,-1,159,-1,1,0,0,1,0,0,1,0,0,1,0,0
10098,829,159,15,1,0,0,1,0,1,0,0,1,0,0,1
10017,534,82,-1,1,0,0,1,0,0,1,0,0,0,0,0
10034,-1,158,14,1,0,0,1,1,0,0,0,0,1,0,1
10097,-1,7,-1,1,0,1,0,0,1,1,0,0,1,0,1
10107,224,14,13,1,0,0,0,0,0,1,0,0,0,0,0
10027,-1,11,4,1,0,1,0,0,0,0,1,0,0,1,1
10070,-1,58,15,1,0,0,0,0,0,0,0,0,0,0,0
10053,533,166,12,1,0,0,0,0,0,0,0,0,0,0,0
10027,-1,123,13,1,0,1,1,0,1,1,1,0,0,1,1
10101,-1,42,-1,1,0,1,0,0,1,0,0,0,0,0,1
10034,-1,62,5,1,0,1,0,0,0,0,0,0,0,0,1
10050,354,160,-1,1,0,1,1,1,0,0,0,0,0,0,1
10032,615,92,-1,1,0,0,1,0,0,1,1,0,1,1,1
10108,829,159,-1,1,1,0,1,0,1,0,0,1,1,0,0
10109,357,52,5,1,0,0,1,1,0,0,0,0,0,0,1
10109,-1,121,1,1,0,1,1,0,0,0,0,1,0,0,1
10101,829,9,14,1,0,0,1,0,1,0,0,1,0,0,0
10109,-1,126,4,1,0,0,1,0,0,0,0,0,0,0,0
10104,829,108,14,1,0,0,0,0,1,1,0,0,0,0,0
10019,123,165,15,1,0,0,1,0,1,0,0,1,0,0,0
10026,-1,47,-1,1,0,1,1,0,1,0,0,1,0,0,1
10017,211,167,15,1,1,0,1,0,0,1,1,0,1,0,0
10047,829,166,4,1,0,0,1,0,1,1,0,1,0,0,0
10100,-1,131,14,1,0,0,1,0,0,1,1,0,1,0,0
10033,-1,160,3,1,1,1,0,0,0,0,0,0,1,0,1
10097,-1,117,15,1,0,0,0,1,0,1,0,0,1,0,1
10096,-1,90,11,1,0,0,1,1,0,0,1,1,0,0,1
10027,68,103,-1,1,0,1,1,0,0,0,0,0,1,0,1
10017,50,129,14,1,0,0,1,0,1,0,0,0,1,0,0
10071,-1,153,5,1,1,0,1,0,1,0,0,1,0,0,0
10017,-1,26,15,1,0,0,0,0,1,1,1,0,0,1,0
10097,223,105,-1,1,0,0,1,0,1,0,0,0,0,0,0
10107,789,91,14,1,1,1,1,0,1,0,0,1,0,0,1
10019,535,17,4,1,0,0,1,1,0,0,0,0,1,0,1
10018,663,74,-1,1,1,0,0,0,0,0,0,0,0,0,0
10046,553,164,5,1,1,1,0,0,0,1,1,1,1,0,1
10088,-1,108,11,1,1,0,1,0,0,0,0,0,0,0,0
10020,-1,92,15,1,1,0,0,0,0,0,0,0,0,0,0
10100,507,159,-1,1,0,0,0,0,1,1,0,0,1,0,1
10107,562,61,-1,1,0,0,0,1,0,1,0,0,0,0,1
10034,730,97,14,1,0,0,1,0,0,1,0,0,0,0,0
10057,663,112,15,1,1,0,0,0,0,1,0,0,0,0,0
10049,1,146,5,1,0,0,1,0,0,0,0,1,0,0,0
10053,-1,162,15,1,0,1,1,0,1,0,0,1,0,0,1
10017,579,92,15,1,1,0,1,0,0,0,1,1,0,0,0
10109,-1,61,-1,1,0,0,0,1,0,0,0,0,0,1,1
10096,303,86,14,1,1,0,1,0,1,0,0,0,0,0,0
10109,402,132,11,1,0,0,1,1,0,0,0,0,0,0,1
10022,-1,157,15,1,0,0,1,0,1,0,0,1,0,0,0
10017,729,38,14,1,0,0,1,0,1,0,0,0,0,0,0
10109,-1,90,11,1,0,1,1,0,0,0,0,0,0,1,1
10096,33,162,15,1,0,0,1,0,0,1,1,1,0,0,0
10017,-1,100,-1,1,0,0,1,0,0,1,0,0,0,0,0
10071,143,136,15,1,0,0,0,0,0,0,1,0,0,0,0
10019,-1,110,-1,1,0,0,0,1,1,0,0,0,0,0,1
10097,-1,112,-1,1,0,0,1,0,0,1,0,0,1,1,0
10024,168,115,14,1,0,0,1,0,0,0,0,0,1,0,0
10036,-1,7,-1,1,0,0,1,1,0,0,0,1,0,0,1
10104,-1,21,15,1,0,0,1,0,1,0,0,1,0,0,0
10109,-1,148,-1,1,0,0,1,1,0,1,1,0,1,0,1
10052,693,91,15,1,0,1,0,0,0,1,1,0,0,0,1
10109,-1,125,-1,1,0,0,1,1,1,0,0,0,0,0,1
10109,99,160,3,1,1,1,1,0,1,0,0,1,0,0,1
10067,264,122,13,1,1,0,1,0,0,0,1,0,0,0,0
10106,149,155,-1,1,0,0,1,0,1,1,0,0,0,0,0
10028,-1,91,11,1,0,0,0,1,1,0,0,1,0,0,1
10109,13,41,-1,1,1,0,1,0,0,1,0,0,0,0,0
10096,201,127,-1,1,0,0,1,0,0,0,0,0,0,0,0
10017,64,160,14,1,0,0,1,0,0,1,1,0,0,0,0
10103,381,110,-1,1,0,0,1,1,0,1,0,1,1,0,1
10109,-1,117,-1,1,0,0,1,1,1,0,0,1,0,0,1
10106,-1,115,-1,1,0,0,1,0,1,1,0,1,0,0,0
10022,402,160,-1,1,1,0,1,0,0,1,0,0,0,0,0
10030,-1,120,-1,1,1,0,1,0,1,0,0,0,1,0,0
10104,268,46,13,1,0,1,1,0,0,0,0,0,1,0,1
10090,-1,113,4,1,0,0,0,0,0,0,0,0,0,0,0
10109,426,61,2,1,0,0,1,0,1,0,0,0,0,0,0
10017,69,161,15,1,0,0,1,0,1,0,0,1,0,0,1
10017,829,164,15,1,0,1,1,0,1,0,0,1,0,0,1
10017,-1,72,15,1,0,0,0,0,0,0,0,1,0,0,0
10017,29,7,15,1,0,0,1,0,1,0,0,1,0,0,0
10024,-1,58,-1,1,1,0,1,0,0,1,0,0,0,0,0
10023,109,128,14,1,0,0,1,0,0,1,0,0,0,0,0
10101,829,115,15,1,0,0,1,0,1,0,0,1,0,0,0
10017,565,164,13,1,0,0,1,0,0,1,0,0,1,0,0
10076,-1,156,15,1,1,0,1,0,0,0,1,0,0,0,0
10096,-1,139,11,1,0,1,1,0,0,0,0,0,0,1,1
10017,-1,95,-1,1,0,0,1,0,1,0,0,1,0,0,1
10029,619,147,15,1,0,0,0,0,1,0,0,1,0,0,0
10106,11,80,-1,1,0,0,1,1,0,0,0,1,1,0,1
10017,364,145,14,1,0,0,1,0,0,1,0,0,0,0,0
10019,-1,96,14,1,0,0,0,0,0,0,1,0,0,0,0
10024,17,72,-1,1,0,0,1,0,1,0,0,0,0,0,0
10108,-1,164,-1,1,0,0,1,0,0,0,0,1,0,0,1
10026,-1,131,-1,1,0,0,1,1,1,0,0,0,0,1,1
10020,829,7,-1,1,0,0,1,0,1,0,0,1,0,0,0
10056,-1,123,-1,1,0,0,0,0,0,0,0,0,1,0,1
10071,239,80,15,1,0,1,0,1,0,0,0,0,0,0,1
10036,-1,151,15,1,0,0,1,1,1,1,0,0,1,0,1
10022,50,126,15,1,1,0,0,1,1,1,0,1,0,0,1
10109,-1,116,14,1,0,0,1,1,1,0,0,0,0,0,1
10103,89,54,15,1,0,0,0,0,0,1,0,0,0,0,0
10105,794,26,14,1,0,0,0,0,0,1,0,0,1,0,0
10029,-1,60,-1,1,0,0,1,1,1,0,0,0,0,1,1
10017,429,29,15,1,0,1,1,0,0,0,0,1,0,0,1
10017,694,165,15,1,1,0,0,0,0,0,0,1,0,0,0
10017,320,136,15,1,0,1,1,0,1,0,0,1,0,0,1
10017,29,52,15,1,0,0,1,0,1,0,0,1,0,0,0
10107,674,48,15,1,0,0,1,0,0,1,0,0,0,0,0
10036,51,125,-1,1,0,0,1,0,0,0,0,0,1,0,0
10057,827,158,12,1,0,0,1,0,1,0,0,1,0,0,0
10059,129,164,15,1,0,0,1,0,1,0,0,1,0,0,0
10096,69,7,14,1,0,0,0,0,0,0,0,0,1,1,0
10109,-1,54,1,1,0,1,1,0,1,1,0,1,0,1,1
10017,-1,115,5,1,0,0,1,0,1,0,0,1,0,0,0
10097,-1,111,15,1,1,1,0,1,0,0,1,0,0,0,1
10024,-1,157,-1,1,0,1,1,0,0,0,0,0,0,0,1
10109,263,26,4,1,0,0,0,0,0,0,0,0,0,0,0
10097,-1,14,13,1,0,0,0,1,0,0,0,0,1,0,1
10097,-1,66,13,1,1,0,1,0,1,0,0,1,0,0,0
10109,794,114,5,1,0,0,1,0,1,1,0,0,0,0,0
10017,829,104,15,1,0,0,1,0,1,0,0,1,0,0,0
10104,581,154,15,1,0,0,1,0,1,0,0,1,0,0,1
10109,493,66,-1,1,1,0,1,0,0,0,0,1,1,1,0
10097,-1,93,14,1,1,0,0,0,0,0,1,0,0,0,0
10100,-1,85,15,1,0,0,1,0,1,1,0,0,0,0,0
10037,739,52,1,1,0,0,0,0,0,0,0,0,0,0,0
10017,-1,21,-1,1,0,0,1,0,0,0,0,1,0,0,1
10025,-1,92,15,1,1,0,1,0,0,1,0,0,0,0,0
10019,429,19,15,1,1,0,1,0,1,0,0,1,0,0,0
10109,378,145,-1,1,1,0,1,0,0,0,1,0,0,0,0
10077,603,162,11,1,1,0,0,0,0,0,0,0,0,0,0
10096,-1,39,15,1,0,0,0,0,1,1,0,1,0,0,1
10022,-1,72,15,1,0,0,1,1,0,1,1,0,1,0,1
10017,-1,145,15,1,0,0,1,0,1,0,0,1,0,0,0
10108,264,35,14,1,0,0,1,0,0,1,0,0,1,0,1
10037,763,141,15,1,0,0,1,0,0,0,1,0,0,0,0
10017,767,152,-1,1,0,0,1,0,0,1,1,1,0,0,1
10097,-1,29,15,1,0,0,1,0,1,0,0,1,0,0,1
10017,829,142,15,1,0,0,1,0,1,0,0,1,0,0,1
10017,-1,158,4,1,0,0,1,0,0,1,0,0,0,0,0
10025,-1,122,3,1,0,0,1,0,0,1,0,1,0,1,0
10021,-1,167,15,1,0,0,1,1,0,0,0,0,0,0,1
10109,600,166,4,1,0,1,0,1,0,1,0,0,0,0,1
10103,-1,163,1,1,0,0,1,0,0,1,0,1,0,0,0
10097,-1,102,1,1,0,1,0,0,0,0,0,1,1,1,1
10109,-1,76,1,1,0,0,1,1,1,0,0,1,0,1,1
10017,-1,26,15,1,0,0,1,0,1,1,0,1,0,0,0
10069,189,71,-1,1,0,1,1,0,0,0,0,1,0,0,1
10022,208,104,-1,1,0,0,1,0,0,1,0,0,1,0,0
10108,829,155,15,1,0,0,1,0,0,0,0,1,0,0,0
10017,424,91,14,1,0,0,1,0,0,1,0,0,0,0,0
10097,-1,37,5,1,0,1,1,0,0,0,0,0,1,0,1
10097,683,83,5,1,0,0,0,1,0,0,0,1,0,0,1
10025,463,134,15,1,1,0,1,0,0,1,1,1,0,0,0
10017,-1,106,-1,1,0,0,1,1,1,0,0,0,0,1,1
10017,-1,12,15,1,1,0,0,0,0,0,0,1,0,0,0
10017,254,157,13,1,0,0,1,0,1,1,0,0,0,0,1
10017,829,98,15,1,0,0,1,0,1,0,0,1,0,0,0
10017,829,166,15,1,0,0,1,0,1,1,0,1,0,0,0
10109,-1,123,14,1,0,0,1,0,0,0,0,0,1,1,1
10097,-1,159,-1,1,0,0,1,1,0,1,0,0,1,0,1
10055,420,18,15,1,0,1,1,0,0,0,0,0,0,0,1
10035,-1,157,15,1,0,1,1,0,0,0,1,0,0,0,1
10083,347,74,13,1,1,0,1,0,1,1,0,1,0,0,0
10096,259,145,4,1,0,0,1,0,1,0,0,0,0,0,1
10037,29,110,5,1,1,0,0,0,0,0,0,1,0,0,0
10021,-1,24,15,1,0,0,1,0,1,0,0,0,0,0,0
10109,-1,58,4,1,0,0,1,1,0,0,0,0,0,0,1
10047,829,7,-1,1,0,0,1,0,1,0,0,1,0,0,0
10097,-1,158,-1,1,0,1,0,1,0,0,1,1,0,1,1
10102,-1,162,14,1,0,1,1,0,0,0,0,1,1,0,1
10097,374,80,13,1,0,0,1,0,0,1,0,0,0,0,0
10104,-1,166,-1,1,0,0,0,0,1,0,0,0,1,0,0
10019,663,94,15,1,1,0,1,0,0,1,0,0,0,0,1
10109,545,7,-1,1,0,0,1,0,1,1,0,1,1,0,0
10101,635,157,-1,1,0,0,1,0,1,0,0,0,0,0,0
10033,665,113,-1,1,0,0,0,1,0,1,1,0,1,0,1
10098,663,128,15,1,0,0,0,0,0,1,1,0,0,0,0
10037,-1,154,-1,1,0,1,1,1,1,0,1,0,0,1,1
10109,607,165,-1,1,0,0,0,0,1,1,0,0,0,0,1
10109,821,100,5,1,0,0,1,0,0,0,0,1,0,1,0
10101,-1,150,4,1,0,0,1,0,0,1,0,1,0,0,0
10017,564,88,14,1,0,0,1,0,1,0,0,0,0,0,0
10102,-1,40,-1,1,0,0,1,0,1,1,0,0,0,0,1
10109,-1,33,-1,1,1,0,1,1,0,1,0,1,0,0,1
10050,594,156,14,1,0,0,1,0,0,0,0,0,0,0,0
10022,-1,16,-1,1,0,0,1,0,1,0,0,1,0,0,0
10030,-1,115,14,1,0,0,1,0,1,0,0,0,0,0,0
10104,79,137,15,1,0,1,1,0,0,1,0,1,0,0,1
10017,274,158,-1,1,0,0,1,0,1,1,0,0,0,0,0
10052,699,81,15,1,0,0,0,0,0,0,1,0,0,0,0
10109,-1,164,3,1,0,1,1,0,1,1,0,0,0,0,1
10103,-1,106,15,1,0,0,0,0,1,0,1,0,0,0,1
10108,-1,7,11,1,0,0,1,0,0,0,0,0,1,0,0
10103,829,48,15,1,0,0,1,0,1,0,0,1,1,0,0
10032,-1,15,13,1,0,0,0,0,0,0,1,0,0,0,0
10097,-1,58,1,1,1,0,1,1,0,0,0,0,0,0,1
10024,227,17,11,1,0,0,0,0,1,0,0,1,1,1,0
10109,753,157,-1,1,1,0,0,0,1,0,0,1,0,0,0
10020,-1,83,14,1,0,1,1,1,0,0,0,0,0,1,1
10017,197,7,3,1,0,0,1,0,0,0,0,0,0,0,0
10097,-1,38,11,1,0,0,0,1,1,1,0,0,0,0,1
10017,429,99,15,1,0,0,1,0,0,0,0,1,0,0,0
10100,-1,141,15,1,0,0,1,0,0,1,0,0,1,0,0
10084,603,65,-1,1,1,0,0,0,0,1,1,0,0,0,1
10017,338,124,-1,1,0,1,1,0,1,1,0,0,0,0,1
10070,643,133,15,1,0,0,0,0,0,1,1,0,0,0,0
10017,499,93,15,1,0,0,1,0,1,0,0,0,0,0,1
10109,-1,113,-1,1,0,1,0,1,0,0,0,1,0,0,1
10109,829,66,15,1,0,0,1,0,1,0,0,0,0,0,0
10017,-1,45,4,1,0,0,1,0,0,1,0,0,1,0,0
10088,234,165,15,1,0,0,1,1,0,0,1,0,0,0,1
10017,-1,166,15,1,0,0,1,0,0,0,0,0,0,0,0
10109,-1,159,-1,1,0,0,0,1,0,0,1,0,0,0,1
10097,-1,152,14,1,0,0,0,1,0,1,0,1,1,0,1
10024,-1,133,11,1,0,0,1,0,1,0,0,1,0,0,0
10103,-1,118,-1,1,1,0,1,1,0,0,0,0,0,0,1
10032,238,167,-1,1,1,1,1,1,0,0,0,0,0,0,1
10098,-1,135,-1,1,0,0,1,0,0,1,0,0,1,0,0
10058,-1,67,15,1,1,0,1,0,1,0,0,1,0,0,0
10109,225,77,4,1,1,0,1,0,0,0,0,0,1,0,0
10106,569,118,15,1,0,0,1,0,1,0,0,0,1,0,1
10029,-1,114,-1,1,0,0,1,0,0,0,1,0,0,1,1
10071,829,71,15,1,0,0,1,0,1,0,0,1,0,0,0
10025,10,95,5,1,0,1,0,0,1,0,0,1,0,0,1
10107,-1,7,4,1,0,0,1,0,1,0,0,1,0,0,0
10096,457,161,15,1,0,1,0,0,1,1,1,1,0,0,1
10106,205,39,11,1,0,0,1,0,0,1,0,0,1,1,0
10100,129,156,15,1,1,0,1,0,1,1,0,1,0,0,0
10076,-1,130,5,1,0,0,1,0,0,0,1,1,0,0,0
10017,829,118,5,1,0,0,1,0,1,1,0,1,0,0,0
10017,-1,133,12,1,0,0,1,0,1,0,0,0,0,0,0
10090,41,132,15,1,0,1,0,0,0,1,0,1,0,0,1
10096,-1,78,3,1,1,0,1,0,1,0,0,0,0,0,0
10109,589,155,1,1,1,0,1,0,1,1,0,0,0,0,0
10096,-1,22,-1,1,0,0,0,0,1,0,0,1,1,0,0
10060,-1,34,-1,1,1,0,0,1,0,1,0,0,0,0,1
10020,435,158,4,1,0,1,1,0,0,0,0,0,1,0,1
10109,277,125,14,1,1,0,1,0,0,1,1,0,1,0,0
10026,-1,51,-1,1,0,0,1,0,0,0,1,0,1,0,1
10087,-1,162,15,1,0,0,0,0,0,1,0,0,0,0,0
10029,643,158,5,1,0,1,0,0,0,1,1,0,0,0,1
10085,-1,160,15,1,0,0,1,0,0,0,0,1,0,0,1
10017,-1,48,5,1,0,0,1,0,1,0,0,1,0,0,1
10109,751,99,1,1,0,0,1,1,0,0,0,0,0,1,1
10066,-1,164,-1,1,0,0,1,0,0,1,0,0,1,0,0
10109,829,166,5,1,0,0,1,0,0,1,0,1,0,0,0
10028,429,161,15,1,0,1,1,0,0,1,0,1,0,0,1
10036,429,162,15,1,0,0,0,0,0,0,0,1,1,0,0
10106,-1,114,14,1,0,0,1,0,1,0,0,0,0,0,0
10099,829,111,15,1,0,0,1,0,1,0,1,1,0,0,0
10109,-1,7,-1,1,0,1,1,1,0,1,0,0,0,1,1
10097,491,14,4,1,0,0,0,0,1,1,0,1,0,0,0
10109,723,54,11,1,1,0,1,1,1,1,0,1,0,0,1
10046,714,159,-1,1,1,0,0,0,0,1,1,0,1,0,0
10021,402,67,-1,1,0,0,1,0,1,0,0,0,0,0,0
10037,829,140,12,1,0,0,1,0,0,1,0,0,0,0,0
10054,827,161,5,1,0,0,1,0,1,0,0,1,0,0,0
10058,-1,119,2,1,0,0,1,0,0,1,0,0,0,0,0
10019,451,28,-1,1,0,1,1,1,0,0,0,0,0,0,1
10017,69,50,5,1,0,0,1,0,1,0,0,1,0,0,0
10017,693,38,15,1,0,0,0,0,1,1,0,0,0,0,0
10097,-1,29,14,1,0,0,1,0,0,0,0,0,1,1,0
10097,-1,121,-1,1,0,0,1,1,1,0,0,0,0,0,1
10098,-1,145,11,1,1,0,1,0,0,0,0,0,0,0,0
10022,699,159,15,1,1,0,0,0,0,0,1,0,0,0,0
10058,-1,26,-1,1,1,0,0,0,0,0,0,0,1,0,0
10024,244,91,13,1,0,0,1,0,0,0,0,0,0,0,0
10017,829,94,5,1,0,0,1,0,1,0,0,0,0,0,0
10099,524,74,5,1,0,0,1,0,1,1,0,1,1,0,1
10030,693,110,15,1,0,0,0,0,1,1,0,0,0,0,0
10029,-1,161,13,1,0,0,1,1,1,1,0,0,0,0,1
10097,829,102,-1,1,0,0,1,0,0,0,0,1,0,0,0
10017,67,155,15,1,0,0,1,0,0,1,0,1,0,0,0
10076,-1,20,14,1,0,0,1,0,1,0,0,1,0,1,0
10040,719,165,-1,1,0,0,1,0,0,0,0,0,0,1,0
10097,1,165,-1,1,0,0,1,0,1,0,0,1,0,0,1
10022,269,7,14,1,0,0,0,0,1,0,0,0,0,0,0
10037,829,140,-1,1,0,0,1,1,0,1,0,1,0,0,1
10097,-1,79,5,1,1,0,1,1,0,0,0,0,0,0,1
10098,-1,19,15,1,0,0,1,0,1,0,0,1,1,0,0
10017,829,150,15,1,0,0,1,0,0,0,0,1,0,0,0
10088,407,13,-1,1,0,1,0,1,0,1,0,0,0,0,1
10017,821,34,5,1,0,0,1,0,0,0,0,1,0,0,0
10093,479,140,15,1,0,1,0,0,1,0,1,0,0,0,1
10099,660,166,-1,1,0,0,0,0,1,0,0,0,1,0,0
10017,829,68,5,1,0,0,1,0,1,0,0,1,0,0,0
10074,-1,141,5,1,1,0,1,0,1,0,1,0,0,0,0
10017,829,58,15,1,0,0,1,0,1,1,0,1,0,0,0
10029,829,25,15,1,0,0,1,0,1,0,0,1,0,0,1
10092,693,160,11,1,0,0,1,1,1,1,1,1,0,0,1
10017,273,38,14,1,0,0,1,1,0,1,0,0,0,0,1
10106,-1,47,13,1,0,0,1,0,1,1,0,1,0,0,0
10103,829,164,-1,1,0,0,1,0,1,1,0,1,0,0,0
10017,196,55,15,1,1,1,0,0,0,0,0,1,0,0,1
10096,245,37,-1,1,0,0,1,1,0,0,0,1,0,1,1
10022,106,152,5,1,0,0,0,0,0,0,0,0,0,0,0
10031,128,95,14,1,0,0,1,0,1,0,1,1,0,0,0
10109,49,119,12,1,0,0,1,1,0,0,0,0,0,0,1
10109,821,58,15,1,0,0,0,0,1,0,0,1,0,0,1
10096,699,159,15,1,1,0,1,0,0,0,1,0,1,0,0
10096,453,116,1,1,0,0,1,0,0,0,0,1,0,0,0
10104,-1,116,1,1,0,0,1,0,1,0,1,1,0,1,0
10017,829,115,15,1,0,0,0,0,1,1,0,1,0,0,0
10020,-1,54,4,1,0,1,0,1,0,0,1,0,1,0,1
10017,-1,102,15,1,1,0,0,0,1,0,0,1,0,0,0
10109,262,145,4,1,0,1,1,0,0,1,0,0,0,0,1
10029,393,99,15,1,0,0,1,0,0,1,0,0,0,0,0
10094,-1,25,15,1,0,0,1,0,0,0,1,0,0,0,0
10017,-1,111,15,1,0,0,1,0,1,1,0,1,0,0,0
10109,-1,13,5,1,0,0,1,1,1,0,0,0,0,1,1
10022,59,167,5,1,0,0,1,0,0,0,0,1,0,0,0
10097,-1,163,-1,1,0,0,1,0,0,1,0,0,0,0,0
10017,-1,25,15,1,0,0,1,1,0,0,0,1,0,0,1
10017,-1,117,14,1,0,0,1,0,1,0,0,0,0,0,1
10109,829,102,15,1,0,0,1,0,1,0,0,0,0,0,0
10108,254,7,-1,1,0,0,1,0,0,1,0,0,0,0,0
10102,186,106,15,1,0,0,0,0,0,0,0,0,0,0,0
10026,-1,124,15,1,0,0,0,0,0,0,0,0,0,0,1
10071,623,13,15,1,1,0,0,0,1,0,1,1,0,0,0
10017,-1,160,15,1,0,0,1,0,1,0,0,1,0,0,1
10096,191,162,15,1,0,0,1,0,1,0,0,0,0,0,0
10029,-1,116,15,1,0,0,1,1,0,0,0,0,0,1,1
10097,37,15,-1,1,0,0,1,1,1,0,1,0,0,0,1
10084,-1,161,-1,1,1,0,0,0,0,1,0,0,0,1,0
10090,-1,164,15,1,1,0,1,0,0,0,1,1,0,0,0
10096,-1,160,-1,1,0,0,1,0,0,0,0,0,0,1,0
10104,29,27,15,1,0,0,0,0,0,0,0,1,0,0,0
10022,-1,157,15,1,0,1,0,1,0,0,0,1,0,0,1
10109,-1,156,1,1,1,0,0,1,0,0,0,0,0,1,1
10109,-1,15,-1,1,0,0,1,1,0,1,1,0,0,0,1
10023,598,162,-1,1,1,0,1,1,0,0,1,0,1,0,1
10096,29,7,-1,1,0,1,0,1,1,0,0,1,0,0,1
10062,-1,87,-1,1,0,1,1,0,0,0,0,1,0,0,1
10081,829,161,15,1,0,0,1,0,1,0,0,1,0,0,0
10109,-1,88,-1,1,1,1,0,0,1,1,0,0,0,0,1
10105,-1,50,15,1,0,0,1,0,0,0,0,0,0,0,0
10066,-1,150,15,1,1,0,0,0,0,1,1,0,0,0,0
10096,-1,113,-1,1,0,0,1,0,0,0,0,0,0,1,0
10103,469,48,15,1,0,0,1,0,0,1,0,0,0,0,0
10103,-1,143,15,1,0,0,1,0,0,1,0,0,0,0,0
10017,829,39,14,1,0,0,1,0,1,0,0,1,0,0,0
10026,-1,165,-1,1,0,1,0,0,0,0,1,0,1,0,1
10027,-1,161,-1,1,0,0,0,0,0,1,0,0,0,0,0
10108,343,157,-1,1,0,0,0,0,0,1,1,0,0,0,0
10025,-1,70,14,1,0,0,1,0,0,0,1,0,1,0,0
10018,-1,95,-1,1,0,0,1,0,0,0,0,1,0,1,1
10103,89,33,5,1,0,0,1,0,0,0,0,1,0,0,0
10020,-1,163,-1,1,0,0,1,0,0,0,0,0,1,0,0
10097,-1,56,14,1,0,0,1,0,0,0,0,0,0,0,0
10109,829,16,15,1,0,1,1,0,1,0,0,1,0,0,1
10106,-1,39,14,1,0,0,1,0,0,1,0,0,1,0,0
10019,723,118,15,1,0,0,1,0,0,0,0,0,0,0,0
10109,469,33,15,1,0,0,1,0,0,0,0,1,0,0,0
10017,699,128,15,1,0,1,0,0,0,0,1,0,0,0,1
10096,-1,145,12,1,0,0,1,1,0,0,0,0,1,0,1
10109,129,7,15,1,1,1,1,0,1,0,0,1,0,0,1
10097,-1,59,3,1,1,1,0,1,1,1,0,1,0,0,1
10109,-1,55,-1,1,0,1,0,1,0,0,0,0,0,0,1
10039,829,71,15,1,0,0,0,0,1,0,0,1,0,0,0
10029,124,143,15,1,0,0,0,0,0,0,0,0,1,0,0
10021,-1,167,14,1,1,0,1,0,0,0,0,1,1,0,0
10099,-1,150,15,1,1,0,1,0,0,1,0,0,1,0,0
10102,-1,132,14,1,0,1,1,0,1,1,0,0,0,0,1
10017,94,20,-1,1,1,0,1,0,1,0,0,0,1,0,1
10023,-1,167,11,1,0,0,1,0,1,0,0,0,0,0,0
10097,-1,127,-1,1,0,0,1,1,0,0,0,1,0,1,1
10020,-1,163,14,1,1,1,0,0,0,1,1,0,1,0,1
10096,-1,13,-1,1,0,0,1,0,0,0,0,0,0,0,0
10017,-1,28,11,1,1,0,1,1,0,0,0,1,0,0,1
10099,214,157,15,1,0,0,1,0,1,1,0,0,1,0,1
10087,-1,64,15,1,0,0,0,0,0,0,0,0,0,0,0
10025,72,166,5,1,0,1,1,0,1,1,0,0,0,0,1
10058,-1,54,15,1,1,0,0,0,0,0,1,0,0,0,0
10096,-1,72,4,1,0,0,1,0,0,0,0,0,1,0,0
10037,490,57,15,1,1,0,0,0,0,0,0,0,1,1,0
10105,60,56,13,1,0,0,1,1,1,0,0,1,0,0,1
10070,-1,158,15,1,0,0,0,0,1,0,0,1,0,0,0
10017,-1,160,15,1,0,0,1,0,1,0,0,1,1,0,0
10098,-1,165,-1,1,0,0,1,0,1,0,0,0,1,0,0
10032,204,51,-1,1,0,0,1,1,0,1,0,0,1,1,1
10108,280,107,3,1,0,0,1,0,1,1,0,1,0,0,0
10109,64,62,13,1,0,0,1,0,0,0,0,1,0,0,0
10109,326,167,12,1,0,0,1,0,1,0,0,1,0,0,0
10023,449,12,15,1,1,0,0,0,0,0,1,0,0,0,0
10107,19,21,13,1,0,0,1,0,1,0,1,0,0,0,0
10106,553,128,14,1,0,0,1,0,0,1,0,0,1,0,0
10020,93,159,11,1,0,1,0,1,0,1,1,0,0,0,1
10109,27,161,1,1,1,0,1,1,1,0,0,0,1,1,1
10109,623,18,5,1,1,0,1,0,0,0,0,0,0,0,1
10023,704,48,-1,1,0,1,1,0,0,1,0,0,1,1,1
10023,8,157,-1,1,0,1,1,0,1,0,1,0,0,0,1
10050,-1,164,5,1,1,0,1,0,0,1,1,0,1,0,0
10025,-1,97,-1,1,1,1,1,1,1,0,0,0,0,0,1
10017,223,33,-1,1,0,0,1,1,1,0,0,1,0,0,1
10107,264,89,12,1,0,0,1,0,0,0,0,0,0,0,0
10031,406,90,11,1,0,0,1,0,1,0,0,0,0,1,1
10108,752,163,4,1,0,0,1,0,0,0,0,1,0,0,1
10024,-1,28,14,1,0,0,1,0,0,0,0,0,0,0,1
10071,294,154,4,1,0,0,1,0,0,1,0,0,0,0,0
10017,826,52,15,1,0,0,1,0,1,0,0,1,1,0,0
10098,220,88,11,1,0,0,1,0,0,0,0,0,0,0,0
10097,-1,26,11,1,0,1,1,1,1,1,0,1,0,0,1
10021,-1,127,14,1,0,0,0,0,1,0,0,1,0,0,0
10096,829,25,14,1,0,0,1,0,1,0,1,1,1,0,0
10097,35,134,1,1,0,0,0,1,0,0,0,0,0,1,1
10037,469,110,1,1,0,0,1,0,1,0,0,1,0,0,0
10024,508,73,1,1,0,0,1,1,0,0,0,0,1,0,1
10107,-1,50,14,1,1,0,1,0,0,0,0,0,1,0,0
10025,-1,158,14,1,1,0,1,0,0,0,0,0,0,0,0
10017,-1,159,15,1,0,0,1,0,0,1,0,0,0,0,0
10097,-1,139,15,1,0,0,1,0,1,0,0,1,0,0,0
10017,761,121,14,1,0,0,1,0,1,1,0,0,0,0,0
10104,824,166,15,1,0,0,1,0,0,1,0,0,0,0,0
10017,294,119,11,1,1,0,1,0,0,0,1,0,0,0,1
10017,-1,23,14,1,0,0,1,0,1,0,0,1,0,0,0
10107,-1,24,13,1,0,0,0,0,1,0,0,0,1,0,0
10017,164,17,-1,1,0,0,0,0,1,1,0,0,1,0,0
10017,420,91,15,1,0,0,1,0,1,1,0,1,0,0,0
10106,451,82,-1,1,0,0,1,0,0,1,0,1,0,1,0
10084,602,118,-1,1,0,0,1,0,0,0,0,0,0,0,0
10055,229,161,15,1,0,0,0,0,1,1,0,1,0,0,0
10109,204,7,13,1,0,0,1,0,0,0,0,0,1,1,0
10033,829,37,15,1,0,0,1,0,1,0,0,1,0,0,0
10106,-1,26,15,1,0,0,1,0,1,0,0,0,1,0,0
10084,-1,114,15,1,1,1,1,0,0,1,0,0,0,0,1
10109,29,58,15,1,1,0,1,0,1,0,0,1,0,0,0
10017,664,90,14,1,0,0,1,0,1,1,1,0,1,0,0
10017,829,48,15,1,0,0,1,0,1,0,0,1,0,0,0
10109,-1,46,5,1,0,1,1,0,1,0,1,1,0,0,1
10019,247,117,14,1,1,0,1,0,1,0,0,0,0,0,0
10109,-1,23,1,1,0,1,1,1,1,0,0,0,0,0,1
10109,-1,152,-1,1,0,0,1,0,0,0,0,1,0,1,0
10064,21,96,1,1,0,0,1,0,0,0,0,0,1,0,0
10078,143,159,13,1,0,0,1,0,0,1,0,0,0,0,0
10056,829,62,15,1,0,0,0,0,1,0,0,1,0,0,0
10109,-1,114,-1,1,1,0,1,1,0,0,1,0,0,0,1
10097,661,69,15,1,0,0,0,0,0,1,0,0,1,0,0
10037,145,94,-1,1,0,0,0,0,1,1,0,0,0,0,0
10017,829,122,15,1,0,0,0,0,1,0,0,1,0,0,1
10097,422,148,-1,1,0,1,0,1,1,1,0,0,0,0,1
10027,-1,7,-1,1,1,0,0,1,0,0,0,1,0,1,1
10017,26,121,15,1,0,0,1,0,0,1,1,0,0,0,1
10097,429,147,15,1,0,0,0,0,1,0,0,0,0,0,0
10024,829,164,5,1,0,0,0,0,1,0,0,1,0,0,0
10019,-1,167,-1,1,0,0,1,1,0,0,0,0,0,1,1
10024,-1,43,-1,1,0,0,1,0,0,0,0,0,0,0,0
10054,694,7,14,1,1,0,1,0,0,1,1,0,0,0,1
10027,-1,122,-1,1,1,1,0,0,0,0,0,0,0,0,1
10109,-1,86,-1,1,0,0,1,1,0,0,0,1,0,1,1
10017,-1,152,15,1,0,0,1,0,0,0,0,1,0,0,0
10031,-1,108,15,1,0,1,0,0,1,0,0,0,0,1,1
10019,-1,82,14,1,1,0,0,0,0,0,1,0,0,0,0
10100,121,94,-1,1,0,0,1,0,0,1,0,0,0,0,0
10096,380,42,14,1,0,1,1,0,1,0,0,0,0,0,1
10017,-1,102,-1,1,0,1,1,0,0,1,0,0,0,0,1
10018,661,167,-1,1,0,0,1,0,0,0,0,0,0,0,0
10022,321,156,15,1,0,0,1,0,1,0,0,1,0,0,0
10106,-1,166,14,1,0,0,1,0,1,1,0,1,0,0,0
10096,-1,55,14,1,1,0,1,0,0,1,0,0,1,0,0
10109,-1,88,-1,1,0,0,1,0,1,1,0,1,0,0,0
10030,21,91,-1,1,0,0,0,0,0,0,0,1,0,0,1
10097,829,33,-1,1,1,1,1,0,0,0,0,0,0,0,1
10017,-1,121,13,1,0,0,1,0,1,1,0,1,0,0,0
10045,-1,61,15,1,1,0,1,0,1,0,0,1,0,0,0
10017,-1,137,-1,1,0,0,1,0,1,1,0,1,0,0,0
10052,699,163,15,1,1,0,1,0,0,1,0,0,0,0,1
10017,829,90,15,1,0,0,0,0,1,0,0,1,0,0,0
10017,-1,12,11,1,0,0,1,0,0,1,0,1,1,0,0
10109,-1,140,1,1,0,0,1,0,1,0,0,0,0,1,0
10017,112,133,14,1,0,0,1,0,0,1,0,0,1,0,1
10021,-1,25,-1,1,0,0,0,0,1,1,0,0,0,0,1
10103,764,70,4,1,0,0,1,0,0,1,0,0,1,0,0
10109,-1,106,-1,1,0,0,1,0,0,0,0,0,0,0,0
10063,529,138,15,1,0,0,1,0,0,0,0,1,0,0,0
10028,829,89,-1,1,0,0,0,0,1,0,0,0,0,0,0
10105,134,51,14,1,0,0,1,0,0,1,0,0,1,0,0
10020,459,165,5,1,1,0,1,0,1,0,0,1,0,0,1
10057,-1,118,15,1,0,0,0,0,1,0,0,1,0,0,1
10017,829,67,-1,1,0,0,1,0,0,0,0,1,0,0,0
10106,4,78,-1,1,0,0,1,0,0,0,0,0,0,0,1
10033,365,89,14,1,0,0,1,0,0,1,0,0,1,0,0
10109,-1,119,1,1,1,1,0,0,0,0,0,0,1,0,1
10105,-1,138,12,1,0,0,1,1,0,0,0,1,0,0,1
10091,823,36,15,1,1,0,1,0,1,0,0,1,1,0,0
10109,-1,163,15,1,0,0,1,0,0,1,0,1,0,0,0
10085,-1,63,15,1,0,0,1,0,0,1,1,0,0,0,0
10105,661,115,-1,1,1,0,1,0,1,1,0,0,0,0,0
10017,-1,127,11,1,0,1,1,0,0,0,0,0,0,1,1
10106,101,162,-1,1,0,0,1,0,0,0,0,0,0,0,0
10060,209,158,13,1,0,1,0,1,1,1,0,0,1,0,1
10097,-1,116,-1,1,0,0,1,0,0,0,0,1,1,0,0
10109,288,7,12,1,0,0,0,0,1,0,0,0,0,0,0
10023,-1,10,-1,1,0,0,1,0,0,0,0,1,1,0,0
10028,-1,165,15,1,0,0,0,1,0,0,0,0,0,0,1
10109,-1,67,-1,1,0,0,1,0,1,0,0,1,0,0,0
10098,501,45,-1,1,0,0,1,0,0,1,0,0,0,0,0
10096,143,159,5,1,0,0,0,0,1,0,0,0,0,0,1
10017,29,157,11,1,0,0,1,0,1,0,0,1,0,0,0
10036,292,96,-1,1,0,1,1,0,0,0,0,0,0,0,1
10109,-1,162,15,1,0,0,1,0,1,1,0,1,0,0,0
10017,-1,55,15,1,0,0,1,0,1,0,1,1,1,0,0
10048,-1,18,15,1,1,0,1,0,0,1,0,1,0,0,0
10097,461,152,15,1,1,0,1,0,0,1,0,0,0,0,0
10017,60,156,15,1,0,0,1,1,1,0,0,1,0,0,1
10096,198,115,-1,1,0,0,1,0,0,1,0,0,1,0,0
10103,-1,142,4,1,0,0,1,0,0,1,0,0,0,0,0
10017,-1,153,1,1,0,0,1,0,0,0,0,1,0,0,1
10034,781,160,-1,1,1,1,1,1,1,0,0,0,0,0,1
10033,-1,90,15,1,0,0,0,0,0,1,0,0,0,0,0
10038,193,163,5,1,1,0,1,0,0,0,0,0,0,0,0
10017,829,68,15,1,0,0,1,0,1,0,0,1,0,0,1
10096,-1,72,-1,1,0,1,1,0,1,0,0,0,0,0,1
10068,250,161,15,1,1,0,1,0,0,1,1,0,1,0,0
10017,725,137,15,1,1,0,1,0,0,0,0,0,0,0,1
10109,-1,157,11,1,0,0,1,1,1,0,0,0,0,0,1
10099,829,125,14,1,0,1,1,0,1,0,0,1,0,0,1
10017,-1,105,15,1,0,0,1,0,1,0,0,1,0,0,0
10017,829,91,15,1,0,0,1,0,1,1,0,1,0,0,0
10031,-1,53,15,1,0,0,1,0,1,1,0,1,0,0,0
10036,-1,12,13,1,0,0,1,1,0,0,0,0,0,1,1
10104,264,24,14,1,0,0,1,0,0,0,0,0,1,0,1
10105,829,76,15,1,0,0,1,0,1,0,0,1,0,0,0
10109,-1,114,11,1,0,0,1,0,1,0,0,1,0,0,0
10026,29,147,11,1,1,0,1,0,0,0,0,0,0,0,0
10104,224,149,15,1,0,0,1,0,0,1,0,0,1,0,1
10025,-1,24,-1,1,1,0,1,0,0,0,0,0,0,0,1
10017,492,165,12,1,0,0,1,0,0,1,0,0,0,0,0
10097,748,87,2,1,0,1,1,1,0,1,0,0,1,1,1
10017,204,116,4,1,0,0,1,0,0,0,0,0,0,0,0
10096,419,158,-1,1,0,1,1,0,0,1,0,0,1,0,1
10098,-1,145,15,1,0,0,1,0,1,0,0,1,0,0,0
10027,555,143,12,1,1,1,0,0,1,0,0,1,0,1,1
10017,-1,111,15,1,0,0,1,0,1,0,0,1,0,0,0
10022,199,115,15,1,0,0,1,0,1,0,0,1,0,0,0
10078,829,158,12,1,0,0,1,0,1,1,0,1,0,0,0
10017,661,125,3,1,0,0,1,0,0,0,0,0,1,0,1
10063,724,127,15,1,0,0,1,0,0,1,0,0,0,0,0
10017,801,162,3,1,0,0,1,0,0,1,0,0,0,0,0
10033,-1,37,14,1,0,0,0,1,0,0,0,0,0,0,1
10017,29,112,-1,1,1,0,1,0,1,0,0,1,0,0,1
10017,4,115,-1,1,0,1,1,0,0,0,0,0,0,0,1
10109,-1,71,5,1,0,0,1,0,1,0,0,0,0,0,1
10017,-1,127,15,1,0,0,1,0,1,0,0,1,0,0,1
10109,-1,144,14,1,0,0,1,1,1,0,0,1,0,0,1
10029,-1,125,14,1,0,0,1,0,0,1,0,0,0,0,0
10041,729,88,15,1,0,0,1,0,1,0,0,1,0,0,0
10091,693,160,15,1,0,0,1,0,0,1,1,0,0,0,0
10022,607,154,11,1,1,0,0,0,0,1,0,0,0,0,0
10042,643,81,5,1,0,0,0,0,0,1,1,0,0,0,1
10108,829,23,14,1,0,0,1,0,1,0,0,0,1,0,0
10107,14,112,14,1,0,0,1,0,0,0,0,0,0,0,0
10099,164,55,11,1,0,0,1,0,1,1,0,0,0,0,0
10109,-1,61,-1,1,0,1,0,1,0,0,0,0,0,0,1
10107,-1,99,-1,1,0,0,1,0,1,1,0,0,1,0,0
10037,-1,30,15,1,1,0,0,0,0,1,1,0,0,0,0
10018,-1,124,14,1,1,0,1,0,1,1,0,0,0,0,0
10026,403,153,-1,1,0,0,1,0,1,0,0,0,1,0,1
10083,-1,15,14,1,0,1,1,0,1,1,1,1,0,0,1
10028,-1,45,-1,1,0,0,1,0,1,1,0,1,0,0,0
10109,386,140,-1,1,0,1,0,0,0,1,0,0,0,1,1
10109,603,138,5,1,0,0,0,0,0,1,0,0,0,0,0
10017,-1,165,15,1,0,0,1,1,0,0,0,0,0,0,1
10097,829,161,15,1,0,0,1,0,0,0,0,1,0,0,0
10109,755,160,-1,1,0,1,1,0,0,0,0,1,1,1,1
10109,280,66,14,1,0,0,1,1,0,0,0,0,0,0,1
10109,-1,7,5,1,0,0,1,1,1,0,0,0,0,0,1
10019,829,12,15,1,0,0,1,0,1,0,0,1,0,0,0
10093,828,72,5,1,0,0,0,1,1,0,0,1,0,0,1
10023,-1,47,3,1,0,0,1,0,1,0,0,1,0,0,0
10052,-1,58,12,1,0,0,0,0,1,0,0,0,0,0,0
10096,-1,101,5,1,0,0,1,0,0,0,0,0,0,0,1
10036,-1,38,5,1,0,0,0,0,1,1,0,1,1,0,0
10023,633,39,-1,1,0,0,0,0,0,0,0,0,0,0,0
10102,699,61,14,1,0,0,0,0,1,1,0,0,0,0,0
10096,-1,101,12,1,0,0,1,0,0,1,0,1,0,1,0
10017,49,19,15,1,0,0,1,0,1,0,0,1,0,0,0
10025,15,104,-1,1,0,0,1,0,0,1,0,0,0,0,0
10028,-1,13,-1,1,0,0,1,1,0,0,1,0,1,0,1
10104,-1,47,3,1,0,0,1,0,0,1,1,0,1,0,0
10109,829,28,5,1,0,0,1,0,0,0,0,0,0,0,0
10060,826,33,15,1,0,0,1,0,1,0,0,1,0,0,0
10101,29,33,13,1,0,0,1,0,0,0,0,1,1,1,0
10033,64,50,12,1,1,0,1,0,0,1,0,0,1,0,1
10064,99,95,15,1,1,0,1,0,0,0,1,1,0,0,0
10076,640,92,15,1,0,0,0,0,0,0,1,0,0,0,0
10101,-1,36,4,1,0,0,1,0,0,1,0,0,1,0,0
10017,-1,68,3,1,0,0,1,0,1,0,0,0,0,0,0
10109,-1,43,3,1,0,1,0,1,1,0,0,1,1,0,1
10096,-1,38,15,1,0,0,0,0,0,1,0,0,0,1,0
10017,-1,125,5,1,1,0,1,0,1,0,0,0,0,0,0
10099,207,99,14,1,0,0,1,0,1,0,1,0,0,0,0
10039,643,120,15,1,1,0,0,0,0,0,0,0,0,0,0
10033,171,128,4,1,0,0,1,0,1,0,0,1,0,0,1
10109,406,57,5,1,0,0,0,1,1,0,0,1,0,0,1
10030,-1,7,2,1,0,0,0,1,0,0,0,0,0,1,1
10096,109,40,-1,1,0,1,1,1,0,0,0,0,0,1,1
10109,-1,80,5,1,1,0,1,0,0,0,0,0,0,1,0
10017,-1,95,15,1,0,0,1,0,1,0,0,1,0,0,0
10102,660,164,-1,1,0,0,1,0,1,0,0,0,0,0,0
10086,-1,118,15,1,0,0,1,0,0,1,1,0,0,0,0
10025,339,148,14,1,0,0,1,0,0,0,1,0,0,0,0
10080,8,163,-1,1,0,0,1,0,0,1,0,0,1,0,0
10040,829,14,15,1,1,0,0,0,1,0,1,1,0,0,0
10096,-1,105,5,1,0,0,1,0,0,0,0,1,0,0,1
10108,260,99,3,1,0,0,1,0,1,0,0,0,0,0,0
10103,-1,152,14,1,0,0,1,0,0,1,1,0,1,0,1
10030,-1,12,4,1,1,0,1,0,0,0,0,0,0,0,0
10024,746,26,11,1,0,0,1,1,0,0,0,0,0,1,1
10106,-1,81,-1,1,0,0,1,0,1,0,0,1,0,0,1
10109,-1,18,-1,1,0,0,1,1,1,0,0,1,1,1,1
10109,-1,162,1,1,0,0,1,1,0,1,0,0,1,0,1
10055,693,108,15,1,1,0,0,0,0,1,1,0,1,0,1
10088,504,158,4,1,0,0,1,0,0,1,1,0,0,0,0
10097,829,7,15,1,0,0,1,0,0,0,0,0,0,0,0
10109,-1,133,5,1,0,0,1,0,0,1,0,0,0,0,0
10097,825,156,15,1,0,0,1,0,1,0,0,1,0,0,0
10092,604,99,5,1,1,0,1,0,0,1,0,1,0,1,0
10037,129,12,5,1,0,0,1,0,1,0,0,1,0,0,1
10104,-1,166,15,1,0,0,1,0,1,0,0,0,0,0,0
10109,29,126,-1,1,0,0,1,0,1,0,0,1,0,0,0
10109,-1,147,-1,1,0,0,1,0,0,1,0,0,1,0,0
10096,353,164,-1,1,0,0,1,1,0,0,0,1,0,1,1
10099,101,136,11,1,1,0,1,0,0,0,0,0,1,1,1
10043,253,112,12,1,0,0,1,0,1,1,0,0,0,0,0
10069,661,150,5,1,0,0,1,0,0,0,0,0,0,0,0
10028,829,86,-1,1,1,0,0,0,1,0,0,0,1,1,0
10109,-1,161,-1,1,0,0,0,0,1,0,1,1,0,0,0
10109,-1,159,15,1,0,1,1,0,0,0,0,1,0,0,1
10047,-1,112,15,1,1,0,0,0,0,1,1,1,0,0,0
10109,227,100,14,1,0,0,1,0,0,0,0,1,0,0,0
10098,825,49,5,1,0,0,1,0,1,0,0,1,0,0,1
10099,-1,143,14,1,0,1,1,1,0,0,0,1,0,0,1
10017,83,165,15,1,0,0,1,0,1,0,0,1,0,0,0
10041,-1,7,-1,1,0,0,0,1,0,1,1,1,0,0,1
10109,-1,123,1,1,1,1,1,0,0,1,0,0,0,0,1
10042,-1,115,5,1,0,0,1,0,0,1,0,0,1,0,0
10026,-1,165,-1,1,0,1,1,0,1,0,0,0,0,0,1
10020,-1,159,14,1,0,0,1,0,0,1,0,0,1,0,0
10109,-1,25,-1,1,0,0,1,1,1,1,0,0,0,0,1
10085,-1,58,15,1,1,0,1,0,0,1,0,1,0,0,0
10100,651,89,1,1,0,0,0,1,1,0,0,0,0,0,1
10086,-1,166,15,1,0,0,1,0,0,1,0,0,0,0,1
10027,-1,105,15,1,0,0,1,0,0,0,0,0,1,0,1
10109,-1,48,12,1,0,0,0,0,1,1,0,0,0,0,0
10105,829,48,15,1,0,0,1,1,1,0,0,1,1,0,1
10100,268,80,-1,1,0,0,0,0,0,1,1,0,1,0,0
10088,693,167,15,1,0,0,0,0,0,0,1,1,0,0,0
10017,437,74,2,1,1,1,1,0,1,0,1,0,0,0,1
10108,232,122,-1,1,0,0,0,0,1,1,0,0,0,0,0
10109,85,7,3,1,0,0,1,0,1,0,0,0,0,1,0
10102,411,159,-1,1,0,0,1,0,0,0,0,0,0,1,0
10109,417,107,-1,1,1,0,1,0,0,0,0,1,0,0,0
10019,603,7,-1,1,0,0,1,0,0,1,0,0,0,1,0
10104,101,144,13,1,0,0,1,1,0,0,0,0,0,0,1
10063,129,90,15,1,0,0,1,0,1,0,0,0,0,0,0
10109,-1,148,-1,1,0,0,1,1,1,0,0,1,0,0,1
10107,-1,150,11,1,0,0,1,1,0,0,0,0,1,0,1
10097,-1,163,15,1,1,0,1,0,1,0,0,1,0,0,0
10105,-1,124,-1,1,0,0,1,0,0,0,0,0,0,0,1
10017,-1,78,15,1,0,0,1,0,1,0,0,1,0,0,0
10018,-1,115,-1,1,1,0,0,1,0,0,1,0,0,0,1
10079,94,151,14,1,0,0,1,0,0,0,0,0,0,0,0
10099,0,125,-1,1,0,0,1,1,1,0,0,0,1,0,1
10109,59,145,-1,1,0,1,1,1,0,0,0,1,0,0,1
10075,-1,161,15,1,1,0,1,0,0,1,0,1,0,0,0
10023,829,165,15,1,0,0,1,0,1,0,0,1,0,0,1
10017,-1,73,-1,1,0,0,0,0,1,0,0,1,0,0,0
10099,-1,51,3,1,0,1,1,1,0,1,0,0,1,1,1
10103,-1,157,15,1,1,1,1,1,1,0,0,1,0,0,1
10109,-1,161,-1,1,0,0,1,0,0,0,0,0,0,0,0
10104,653,143,15,1,1,0,1,0,1,0,0,1,0,0,0
10017,767,162,11,1,1,0,1,0,0,0,0,0,0,0,1
10029,-1,95,15,1,0,0,1,0,1,0,0,1,0,0,0
10068,691,15,1,1,1,0,1,0,0,1,0,0,0,0,0
10017,-1,158,14,1,0,0,1,0,0,0,1,0,0,0,0
10109,371,97,-1,1,1,0,1,1,0,1,0,1,0,0,1
10064,690,111,15,1,0,0,0,0,0,0,1,0,0,1,0
10017,524,27,-1,1,0,0,1,0,1,0,0,0,0,0,0
10017,824,161,3,1,0,0,1,0,1,0,0,1,0,0,0
10017,-1,158,15,1,0,0,0,0,0,0,1,1,0,1,1
10109,-1,82,14,1,0,1,1,0,0,1,1,1,0,0,1
10098,-1,167,-1,1,0,0,0,0,0,1,0,0,1,0,0
10019,-1,163,12,1,0,0,0,0,0,0,0,0,0,0,0
10109,-1,146,5,1,0,0,0,0,0,0,1,1,0,1,0
10017,-1,144,14,1,0,0,1,0,0,0,0,1,0,0,1
10017,214,157,14,1,0,0,1,0,0,1,0,0,1,0,0
10109,-1,166,15,1,1,1,0,0,1,0,1,0,0,0,1
10099,206,90,-1,1,0,0,0,0,0,1,0,0,0,0,0
10085,-1,157,15,1,0,0,1,0,1,1,0,0,0,0,0
10022,-1,70,14,1,0,1,1,0,0,0,0,0,0,0,1
10104,-1,165,-1,1,0,0,0,0,0,0,0,0,1,0,0
10109,-1,159,14,1,0,0,1,1,0,0,0,0,0,1,1
10106,-1,9,14,1,0,0,1,0,1,0,1,1,0,0,0
10098,618,153,15,1,0,0,1,1,0,0,0,0,1,0,1
10029,-1,123,15,1,0,1,0,0,1,0,0,0,1,0,1
10097,-1,90,-1,1,0,1,1,0,1,0,0,0,1,0,1
10106,282,167,14,1,0,1,0,1,0,1,0,0,1,0,1
10104,-1,13,14,1,0,1,1,0,1,1,0,0,1,0,1
10022,-1,162,-1,1,0,0,0,1,0,1,1,0,1,0,1
10093,829,152,15,1,0,0,1,0,1,0,0,1,0,0,0
10097,-1,57,15,1,0,0,1,0,0,0,0,1,0,0,0
10066,-1,16,15,1,0,0,1,0,0,0,0,1,0,0,0
10033,-1,77,15,1,0,0,1,0,1,0,0,1,1,0,0
10109,-1,167,11,1,0,0,1,1,0,1,0,0,0,1,1
10017,-1,151,11,1,0,0,1,1,0,0,0,0,0,0,1
10034,733,91,-1,1,0,0,1,1,1,1,0,0,0,0,1
10049,-1,142,-1,1,0,1,1,0,0,0,0,0,1,0,1
10097,93,135,-1,1,1,1,0,0,0,1,0,0,0,0,1
10037,-1,142,-1,1,0,0,1,1,1,1,0,0,0,0,1
10108,-1,38,-1,1,0,0,0,0,1,0,0,0,0,0,0
10097,-1,164,12,1,0,0,1,0,1,0,0,1,0,0,1
10081,-1,11,11,1,0,0,1,0,0,0,0,0,0,0,0
10029,695,130,15,1,0,0,1,0,0,0,1,0,0,0,0
10108,-1,18,15,1,0,1,1,0,1,1,0,1,0,0,1
10027,-1,115,-1,1,1,0,0,0,0,0,0,1,0,0,0
10055,511,147,15,1,1,0,0,0,0,1,1,0,0,0,0
10021,829,166,-1,1,0,1,1,0,1,0,1,0,0,0,1
10017,829,84,15,1,1,0,1,0,1,0,0,1,0,0,0
10058,-1,166,15,1,0,0,1,0,1,0,0,1,0,0,0
10109,-1,66,15,1,0,0,1,0,1,0,0,1,0,0,0
10097,310,159,14,1,1,0,0,0,0,1,0,0,1,0,0
10100,829,160,15,1,0,0,1,0,0,0,0,1,0,0,0
10068,537,159,-1,1,0,0,0,0,0,1,1,0,0,0,0
10109,-1,95,-1,1,0,1,1,1,1,0,0,1,0,0,1
10017,-1,157,-1,1,0,0,1,0,1,0,0,1,1,0,0
10108,829,113,15,1,0,0,1,0,1,0,0,1,0,0,1
10109,203,11,-1,1,0,0,0,0,0,1,1,0,0,1,0
10026,-1,76,12,1,1,0,0,1,0,1,1,0,0,0,1
10097,208,166,-1,1,0,0,1,0,1,1,0,1,0,0,0
10106,-1,82,14,1,0,1,1,0,0,1,0,1,1,0,1
10067,229,131,15,1,1,0,0,0,0,1,0,0,0,0,1
10025,-1,161,1,1,0,0,0,1,1,0,0,1,1,0,1
10017,829,110,15,1,0,0,1,0,1,0,0,1,0,0,0
10018,-1,95,11,1,0,0,1,1,0,0,1,0,1,1,1
10032,-1,139,13,1,0,1,0,0,1,0,0,1,1,0,1
10097,-1,90,14,1,0,0,1,0,1,0,0,0,0,0,0
10024,829,120,15,1,0,0,1,0,0,0,0,1,0,0,0
10097,731,34,-1,1,0,0,1,1,0,1,0,1,0,0,1
10097,703,83,4,1,0,1,1,1,0,1,0,0,0,0,1
10018,691,62,15,1,0,0,1,0,0,0,1,0,0,0,0
10017,-1,119,-1,1,1,1,1,0,1,1,0,1,0,1,1
10036,-1,52,-1,1,0,0,0,1,0,0,0,0,0,1,1
10027,-1,100,-1,1,0,0,1,0,1,0,0,1,0,0,0
10097,443,58,15,1,1,0,0,0,0,1,1,0,1,0,0
10029,401,68,-1,1,0,0,0,1,0,1,0,0,0,1,1
10046,199,70,15,1,1,0,0,0,0,0,1,1,0,0,0
10017,23,156,15,1,0,0,0,0,1,0,0,1,0,0,0
10093,-1,113,5,1,0,0,1,0,1,0,0,0,0,0,0
10100,207,34,15,1,0,0,0,0,0,1,0,0,0,0,0
10104,-1,120,-1,1,0,0,0,0,1,0,0,1,0,0,0
10102,-1,165,14,1,0,0,1,0,1,1,0,0,1,0,0
10109,89,66,-1,1,0,0,1,0,0,0,0,1,0,0,0
10034,829,110,14,1,0,0,1,0,1,1,0,1,0,0,0
10017,279,143,15,1,0,0,1,0,1,0,1,1,0,0,0
10017,829,66,-1,1,0,0,1,0,0,0,0,1,1,0,0
10028,597,164,12,1,1,1,0,0,1,0,0,0,0,0,1
10105,64,38,14,1,0,0,1,0,0,1,0,0,1,0,0
10097,64,41,5,1,1,0,1,0,0,0,0,0,0,0,0
10031,829,18,14,1,0,0,0,0,0,0,0,1,0,0,0
10089,263,47,15,1,0,0,1,0,0,0,0,0,0,0,0
10034,-1,127,14,1,0,0,0,0,1,0,0,1,0,0,0
10096,647,141,14,1,0,1,0,0,0,1,0,0,1,0,1
10080,141,165,15,1,1,0,1,0,1,1,0,0,0,0,1
10017,597,99,12,1,1,0,1,0,0,0,1,0,1,0,1
10109,-1,117,-1,1,0,0,1,1,1,0,0,1,0,1,1
10045,552,7,12,1,0,0,1,1,1,0,0,0,0,0,1
10109,-1,58,1,1,0,0,0,0,1,0,0,0,1,0,0
10096,829,151,15,1,1,0,1,0,1,0,0,1,1,0,0
10026,581,48,5,1,0,1,1,0,0,0,0,0,0,0,1
10021,-1,27,15,1,0,0,0,0,1,0,0,1,0,0,1
10021,829,124,15,1,0,0,1,0,0,0,0,1,0,0,0
10017,829,95,15,1,0,0,1,0,1,0,0,1,0,0,0
10109,-1,140,4,1,0,0,1,1,0,1,0,0,0,0,1
10054,-1,71,5,1,0,0,1,0,0,0,0,1,0,0,0
10097,-1,155,15,1,0,0,1,0,1,0,0,0,0,0,0
10022,-1,162,14,1,0,0,1,1,0,0,0,0,0,0,1
10109,-1,18,-1,1,0,0,0,1,0,1,0,0,1,0,1
10017,429,161,5,1,0,0,1,1,1,0,0,0,0,0,1
10022,-1,115,-1,1,0,1,0,1,0,0,0,0,0,1,1
10039,-1,118,-1,1,1,0,0,0,0,0,1,1,0,0,0
10069,-1,67,2,1,0,1,1,1,0,1,0,0,0,0,1
10096,223,44,14,1,0,0,1,0,1,0,0,1,0,0,0
10017,669,90,15,1,0,0,0,0,1,0,0,1,0,0,0
10096,-1,129,15,1,0,0,1,0,1,0,0,1,0,0,0
10109,-1,59,15,1,0,0,1,0,0,1,0,0,0,0,0
10102,-1,76,2,1,0,0,1,0,1,0,0,1,0,0,1
10106,584,165,-1,1,0,0,1,0,0,1,0,0,1,0,1
10017,429,146,15,1,0,0,1,0,1,0,0,0,0,0,0
10018,-1,37,15,1,0,0,1,0,1,0,0,1,0,0,0
10017,625,28,15,1,0,0,1,0,1,0,0,1,0,0,1
10109,-1,55,4,1,0,0,1,0,1,0,0,1,1,0,0
10020,-1,58,15,1,0,0,1,0,0,0,0,0,0,0,0
10096,-1,154,15,1,1,0,1,0,1,0,0,0,0,0,0
10024,534,31,3,1,0,0,0,0,0,1,0,0,0,0,0
10053,693,142,15,1,1,0,0,0,0,0,1,0,0,0,1
10023,230,111,15,1,1,0,1,0,0,1,0,0,1,0,0
10096,-1,166,3,1,1,0,1,1,1,0,0,0,1,0,1
10054,823,47,15,1,0,0,1,0,1,1,0,1,0,0,0
10017,-1,96,15,1,0,0,1,0,1,0,0,1,0,0,1
10051,203,77,15,1,0,0,0,0,1,0,0,0,0,0,0
10018,-1,84,12,1,0,0,1,0,0,1,0,0,1,0,0
10031,-1,160,2,1,0,0,0,1,1,1,0,0,1,1,1
10097,-1,82,-1,1,0,1,0,1,0,1,0,0,0,1,1
